Ticker,Name,Asset Class,Weight (%),Price,Shares,Market Value,Notional Value,Sector,SEDOL,ISIN,Exchange
ABM,ABM INDUSTRIES INC.,Equity,0.3057,40.39,2249694,"$90,865,141",90865140.66,Consumer Discretionary,2024901,US0009571003,New York Stock Exchange Inc.
AEIS,ADVANCED ENERGY INDUSTRIES INC.,Equity,0.329,61.56,1588439,"$97,784,305",97784304.84,Consumer Discretionary,2049175,US0079731008,NASDAQ
AIT,APPLIED INDUSTRIAL TECHNOLOGIES IN,Equity,0.3317,62.65,1573457,"$98,577,081",98577081.05,Consumer Discretionary,2086309,US03820C1053,New York Stock Exchange Inc.
AKR,ACADIA REALTY TRUST REIT,Equity,0.3466,31.76,3243367,"$103,009,336",103009335.92,Consumer Discretionary,2566522,US0042391096,New York Stock Exchange Inc.
AKS,AK STEEL HOLDING CORP.,Equity,0.3725,8.84,12523812,"$110,710,498",110710498.08,Consumer Discretionary,2067735,US0015471081,New York Stock Exchange Inc.
ALE,ALLETE INC.,Equity,0.4447,66.59,1984848,"$132,171,028",132171028.32,Consumer Discretionary,B02R1L6,US0185223007,New York Stock Exchange Inc.
ALGT,ALLEGIANT TRAVEL CO.,Equity,0.3042,171.4,527547,"$90,421,556",90421555.8,Consumer Discretionary,B15M2C3,US01748X1028,NASDAQ
ASGN,ON ASSIGNMENT INC.,Equity,0.322,48.7,1964844,"$95,687,903",95687902.8,Consumer Discretionary,2658720,US6821591087,New York Stock Exchange Inc.
AVA,AVISTA CORP.,Equity,0.3427,39.34,2588658,"$101,837,806",101837805.72,Consumer Discretionary,2942605,US05379B1070,New York Stock Exchange Inc.
AXE,ANIXTER INTERNATIONAL INC.,Equity,0.3274,84.85,1146801,"$97,306,065",97306064.85,Consumer Discretionary,2468844,US0352901054,New York Stock Exchange Inc.
B,BARNES GROUP INC.,Equity,0.3408,50.25,2015813,"$101,294,603",101294603.25,Consumer Discretionary,2080732,US0678061096,New York Stock Exchange Inc.
BCO,THE BRINKS COMPANY,Equity,0.3205,52.75,1805524,"$95,241,391",95241391,Consumer Discretionary,2691305,US1096961040,New York Stock Exchange Inc.
BCPC,BALCHEM CORP.,Equity,0.3592,83.87,1273029,"$106,768,942",106768942.23,Consumer Discretionary,2072074,US0576652004,NASDAQ
BGS,B AND G FOODS INC,Equity,0.4215,46.8,2676536,"$125,261,885",125261884.8,Consumer Discretionary,B034L49,US05508R1068,New York Stock Exchange Inc.
BLKB,BLACKBAUD INC.,Equity,0.4737,73.43,1917088,"$140,771,772",140771771.84,Consumer Discretionary,2458878,US09227Q1004,NASDAQ
BLKFDS,BLK CSH FND TREASURY SL AGENCY,Money Market,0.2854,1,84816880,"$84,816,881",84816880.5,Consumer Discretionary,-,US0669224778,-
CACI,CACI INTERNATIONAL INC. CL A,Equity,0.4187,126.7,982112,"$124,433,590",124433590.4,Consumer Discretionary,2159267,US1271903049,New York Stock Exchange Inc.
CATM,CARDTRONICS PLC CLASS A,Equity,0.2746,44.63,1828500,"$81,605,955",81605955,Consumer Discretionary,BYT1841,GB00BYT18414,NASDAQ
CBU,COMMUNITY BANK SYSTEM INC.,Equity,0.3613,60.05,1787931,"$107,365,257",107365256.55,Consumer Discretionary,2222062,US2036071064,New York Stock Exchange Inc.
CHE,CHEMED CORP.,Equity,0.3807,173.89,650754,"$113,159,613",113159613.06,Consumer Discretionary,2190084,US16359R1032,New York Stock Exchange Inc.
CMD,CANTEL MEDICAL CORP,Equity,0.409,83.19,1461241,"$121,560,639",121560638.79,Consumer Discretionary,2188153,US1380981084,New York Stock Exchange Inc.
COHR,COHERENT INC.,Equity,0.6413,193.6,984475,"$190,594,360",190594360,Consumer Discretionary,2208374,US1924791031,NASDAQ
COLB,COLUMBIA BANKING SYSTEM INC.,Equity,0.3223,40.97,2338288,"$95,799,659",95799659.36,Consumer Discretionary,2176608,US1972361026,NASDAQ
COR,CORESITE REALTY CORP.,Equity,0.3968,86.37,1365461,"$117,934,867",117934866.57,Consumer Discretionary,B3T3VV8,US21870Q1058,New York Stock Exchange Inc.
CPS,COOPER STANDARD HOLDINGS INC,Equity,0.2694,112.81,709617,"$80,051,894",80051893.77,Consumer Discretionary,B51JS17,US21676P1030,New York Stock Exchange Inc.
CRZO,CARRIZO OIL AND GAS INC,Equity,0.2732,33.09,2453369,"$81,181,980",81181980.21,Consumer Discretionary,2092801,US1445771033,NASDAQ
CVBF,CVB FINANCIAL CORP.,Equity,0.3207,23.49,4057141,"$95,302,242",95302242.09,Consumer Discretionary,2160645,US1266001056,NASDAQ
DAR,DARLING INGREDIENTS INC,Equity,0.2841,12.71,6644342,"$84,449,587",84449586.82,Consumer Discretionary,2250289,US2372661015,New York Stock Exchange Inc.
DORM,DORMAN PRODUCTS INC.,Equity,0.2933,71.75,1214826,"$87,163,766",87163765.5,Consumer Discretionary,2718594,US2582781009,NASDAQ
DRH,DIAMONDROCK HOSPITALITY CO.,Equity,0.306,11.25,8084249,"$90,947,801",90947801.25,Consumer Discretionary,B090B96,US2527843013,New York Stock Exchange Inc.
EFII,ELECTRONICS FOR IMAGING INC.,Equity,0.2985,47.01,1887458,"$88,729,401",88729400.58,Consumer Discretionary,2310202,US2860821022,NASDAQ
EVR,EVERCORE PARTNERS INC. CL A,Equity,0.4246,80.45,1568516,"$126,187,112",126187112.2,Consumer Discretionary,B1BHXZ2,US29977A1051,New York Stock Exchange Inc.
FCFS,FIRSTCASH INC,Equity,0.2864,43.55,1954232,"$85,106,804",85106803.6,Consumer Discretionary,BZCG9B4,US33767D1054,New York Stock Exchange Inc.
FFIN,FIRST FINANCIAL BANKSHARES INC.,Equity,0.3918,43.75,2661393,"$116,435,944",116435943.75,Consumer Discretionary,2266026,US32020R1095,NASDAQ
FIVE,FIVE BELOW INC,Equity,0.296,39.74,2213430,"$87,961,708",87961708.2,Consumer Discretionary,B85KFY9,US33829M1018,NASDAQ
FMBI,FIRST MIDWEST BANCORP,Equity,0.2702,24.64,3258653,"$80,293,210",80293209.92,Consumer Discretionary,2341439,US3208671046,NASDAQ
FNGN,FINANCIAL ENGINES INC,Equity,0.2883,39.95,2144867,"$85,687,437",85687436.65,Consumer Discretionary,B65V2X6,US3174851002,NASDAQ
FUL,H.B. FULLER CO.,Equity,0.3373,49.42,2028458,"$100,246,394",100246394.36,Consumer Discretionary,2354664,US3596941068,New York Stock Exchange Inc.
GBCI,GLACIER BANCORP INC.,Equity,0.3799,36.63,3082720,"$112,920,034",112920033.6,Consumer Discretionary,2370585,US37637Q1058,NASDAQ
GEO,GEO GROUP REIT INC,Equity,0.4591,45.14,3022543,"$136,437,591",136437591.02,Consumer Discretionary,BNLYWQ1,US36162J1060,New York Stock Exchange Inc.
GWB,GREAT WESTERN BANCORP INC,Equity,0.3355,42.1,2368256,"$99,703,578",99703577.6,Consumer Discretionary,BRHZ1X6,US3914161043,New York Stock Exchange Inc.
HA,HAWAIIAN HOLDINGS INC.,Equity,0.3635,50.3,2148071,"$108,047,971",108047971.3,Consumer Discretionary,2408044,US4198791018,NASDAQ
HCSG,HEALTHCARE SERVICES GROUP INC.,Equity,0.4091,41.55,2925904,"$121,571,311",121571311.2,Consumer Discretionary,2417619,US4219061086,NASDAQ
HI,HILLENBRAND INC.,Equity,0.312,36.45,2543910,"$92,725,520",92725519.5,Consumer Discretionary,B2QGDP1,US4315711089,New York Stock Exchange Inc.
HOMB,HOME BANCSHARES INC.,Equity,0.4693,28.01,4979433,"$139,473,918",139473918.33,Consumer Discretionary,B17MTL9,US4368932004,NASDAQ
HOPE,HOPE BANCORP INC,Equity,0.3726,21.63,5119763,"$110,740,474",110740473.69,Consumer Discretionary,BYN87K7,US43940T1097,NASDAQ
IART,INTEGRA LIFESCIENCES HOLDINGS CORP,Equity,0.3584,44.16,2412152,"$106,520,632",106520632.32,Consumer Discretionary,2248693,US4579852082,NASDAQ
IBKR,INTERACTIVE BROKERS GROUP INC.,Equity,0.357,38.69,2742276,"$106,098,658",106098658.44,Consumer Discretionary,B1WT4X2,US45841N1072,NASDAQ
ICUI,ICU MEDICAL INC.,Equity,0.3044,152.2,594351,"$90,460,222",90460222.2,Consumer Discretionary,2451918,US44930G1076,NASDAQ
IIVI,II-VI INC.,Equity,0.2859,39,2179016,"$84,981,624",84981624,Consumer Discretionary,2452698,US9021041085,NASDAQ
ILG,ILG INC,Equity,0.2718,18.98,4255398,"$80,767,454",80767454.04,Consumer Discretionary,BYT3YH2,US44967H1014,NASDAQ
ITRI,ITRON INC.,Equity,0.2879,63.95,1337864,"$85,556,403",85556402.8,Consumer Discretionary,2471949,US4657411066,NASDAQ
JBT,JOHN BEAN TECHNOLOGIES CORP.,Equity,0.335,85,1171337,"$99,563,645",99563645,Consumer Discretionary,B3BRJZ8,US4778391049,New York Stock Exchange Inc.
KNX,KNIGHT TRANSPORTATION INC.,Equity,0.2931,32.8,2655941,"$87,114,865",87114864.8,Consumer Discretionary,2487690,US4990641031,New York Stock Exchange Inc.
KS,KAPSTONE PAPER & PACKAGING CORP.,Equity,0.2786,23.33,3549320,"$82,805,636",82805635.6,Consumer Discretionary,B0L2NP0,US48562P1030,New York Stock Exchange Inc.
LAD,LITHIA MOTORS INC. CL A,Equity,0.3181,100.24,943110,"$94,537,346",94537346.4,Consumer Discretionary,2515030,US5367971034,New York Stock Exchange Inc.
LCII,LCI INDUSTRIES,Equity,0.3614,108.95,985865,"$107,409,992",107409991.75,Consumer Discretionary,BYQ44Y5,US50189K1034,New York Stock Exchange Inc.
LGND,LIGAND PHARMACEUTICALS INC.,Equity,0.2725,105.71,766110,"$80,985,488",80985488.1,Consumer Discretionary,2501578,US53220K5048,NASDAQ
LITE,LUMENTUM HOLDINGS INC,Equity,0.376,51.1,2186768,"$111,743,845",111743844.8,Consumer Discretionary,BYM9ZP2,US55024U1097,NASDAQ
LXP,LEXINGTON REALTY TRUST REIT,Equity,0.3235,11.17,8608216,"$96,153,773",96153772.72,Consumer Discretionary,2139151,US5290431015,New York Stock Exchange Inc.
MASI,MASIMO CORP.,Equity,0.5027,84.11,1776322,"$149,406,443",149406443.42,Consumer Discretionary,B1YWR63,US5747951003,NASDAQ
MATW,MATTHEWS INTERNATIONAL CORP. CL A,Equity,0.2961,67.95,1294934,"$87,990,765",87990765.3,Consumer Discretionary,2568090,US5771281012,NASDAQ
MDCO,MEDICINES CO.,Equity,0.5036,53.4,2802592,"$149,658,413",149658412.8,Consumer Discretionary,2616773,US5846881051,NASDAQ
MDSO,MEDIDATA SOLUTIONS INC.,Equity,0.4144,56.1,2195282,"$123,155,320",123155320.2,Consumer Discretionary,B5424Q0,US58471A1051,NASDAQ
MKSI,MKS INSTRUMENTS INC.,Equity,0.4895,67.4,2158700,"$145,496,380",145496380,Consumer Discretionary,2404871,US55306N1046,NASDAQ
MLI,MUELLER INDUSTRIES INC.,Equity,0.3282,42.47,2296482,"$97,531,591",97531590.54,Consumer Discretionary,2609717,US6247561029,New York Stock Exchange Inc.
MOG.A,MOOG INC. CL A,Equity,0.2933,67.2,1297272,"$87,176,678",87176678.4,Consumer Discretionary,2601218,US6153942023,New York Stock Exchange Inc.
NEOG,NEOGEN CORP.,Equity,0.3374,65.93,1521041,"$100,282,233",100282233.13,Consumer Discretionary,2630085,US6404911066,NASDAQ
NGVT,INGEVITY CORP,Equity,0.3148,55.48,1686565,"$93,570,626",93570626.2,Consumer Discretionary,BD4LHG4,US45688C1071,New York Stock Exchange Inc.
NKTR,NEKTAR THERAPEUTICS,Equity,0.272,13.1,6170581,"$80,834,611",80834611.1,Consumer Discretionary,2454445,US6402681083,NASDAQ
ONB,OLD NATIONAL BANCORP,Equity,0.3426,18.7,5444275,"$101,807,943",101807942.5,Consumer Discretionary,2658441,US6800331075,NASDAQ
PDCE,PDC ENERGY INC,Equity,0.5473,72.56,2241769,"$162,662,759",162662758.64,Consumer Discretionary,B89M5F2,US69327R1014,NASDAQ
PLAY,DAVE AND BUSTERS ENTERTAINMENT INC,Equity,0.2928,58.19,1495244,"$87,008,248",87008248.36,Consumer Discretionary,B8SW166,US2383371091,NASDAQ
PNFP,PINNACLE FINANCIAL PARTNERS INC.,Equity,0.4407,70.6,1855302,"$130,984,321",130984321.2,Consumer Discretionary,2675097,US72346Q1040,NASDAQ
PRA,PROASSURANCE CORP.,Equity,0.3946,56.55,2073889,"$117,278,423",117278422.95,Consumer Discretionary,2612737,US74267C1062,New York Stock Exchange Inc.
PSB,PS BUSINESS PARKS REIT INC,Equity,0.3082,116.26,787897,"$91,600,905",91600905.22,Consumer Discretionary,2707956,US69360J1079,New York Stock Exchange Inc.
RLI,RLI CORP.,Equity,0.3082,59.43,1541261,"$91,597,141",91597141.23,Consumer Discretionary,2719070,US7496071074,New York Stock Exchange Inc.
ROIC,RETAIL OPPORTUNITY INVESTMENTS COR,Equity,0.2892,20.99,4094770,"$85,949,222",85949222.3,Consumer Discretionary,B28YD08,US76131N1019,NASDAQ
SANM,SANMINA CORP.,Equity,0.4022,40.5,2951630,"$119,541,015",119541015,Consumer Discretionary,B92RRW2,US8010561020,NASDAQ
SHOO,STEVEN MADDEN LTD.,Equity,0.2691,36.3,2202993,"$79,968,646",79968645.9,Consumer Discretionary,2553911,US5562691080,NASDAQ
SJI,SOUTH JERSEY INDUSTRIES INC.,Equity,0.3551,33.05,3193455,"$105,543,688",105543687.75,Consumer Discretionary,2825933,US8385181081,New York Stock Exchange Inc.
SLCA,US SILICA HOLDINGS INC,Equity,0.5504,56.94,2873057,"$163,591,866",163591865.58,Consumer Discretionary,B7GGNT0,US90346E1038,New York Stock Exchange Inc.
SMTC,SEMTECH CORP.,Equity,0.3086,34.9,2627897,"$91,713,605",91713605.3,Consumer Discretionary,2795542,US8168501018,NASDAQ
SR,SPIRE INC,Equity,0.3949,63.85,1837932,"$117,351,958",117351958.2,Consumer Discretionary,BYXJQG9,US84857L1017,New York Stock Exchange Inc.
STL,STERLING BAN,Equity,0.4452,25.1,5270962,"$132,301,146",132301146.2,Consumer Discretionary,BFNXVB8,US85917A1007,New York Stock Exchange Inc.
STMP,STAMPS.COM INC.,Equity,0.2803,131.5,633442,"$83,297,623",83297623,Consumer Discretionary,B013D75,US8528572006,NASDAQ
SWC,STILLWATER MINING,Equity,0.2779,17.07,4838572,"$82,594,424",82594424.04,Consumer Discretionary,2810531,US86074Q1022,New York Stock Exchange Inc.
TCBI,TEXAS CAPITAL BANCSHARES INC.,Equity,0.583,87.9,1971302,"$173,277,446",173277445.8,Consumer Discretionary,2977209,US88224Q1076,NASDAQ
TIVO,TIVO CORP,Equity,0.3253,20.05,4822090,"$96,682,905",96682904.5,Consumer Discretionary,BD8FFY6,US88870P1066,NASDAQ
TREX,TREX INC CO,Equity,0.2782,69.81,1184219,"$82,670,328",82670328.39,Consumer Discretionary,2483074,US89531P1057,New York Stock Exchange Inc.
TSRA,TESSERA HOLDING CORP,Equity,0.2882,43.95,1948573,"$85,639,783",85639783.35,Consumer Discretionary,BDJ0283,US88166T1016,NASDAQ
TTEK,TETRA TECH INC.,Equity,0.3281,42.35,2302829,"$97,524,808",97524808.15,Consumer Discretionary,2883890,US88162G1031,NASDAQ
TTWO,TAKE-TWO INTERACTIVE SOFTWARE INC.,Equity,0.8154,59.69,4060080,"$242,346,175",242346175.2,Consumer Discretionary,2122117,US8740541094,NASDAQ
UBSI,UNITED BANKSHARES INC.,Equity,0.4933,45.05,3254485,"$146,614,549",146614549.25,Consumer Discretionary,2905794,US9099071071,NASDAQ
UCBI,UNITED COMMUNITY BANKS INC.,Equity,0.2797,29.12,2854843,"$83,133,028",83133028.16,Consumer Discretionary,2862156,US90984P3038,NASDAQ
UFPI,UNIVERSAL FOREST PRODUCTS INC.,Equity,0.289,104.69,820522,"$85,900,448",85900448.18,Consumer Discretionary,2906496,US9135431040,NASDAQ
UNF,UNIFIRST CORP.,Equity,0.2728,130.95,619083,"$81,068,919",81068918.85,Consumer Discretionary,2466428,US9047081040,New York Stock Exchange Inc.
VAC,MARRIOTT VACATIONS WORLDWIDE CORP.,Equity,0.2936,88.98,980561,"$87,250,318",87250317.78,Consumer Discretionary,B45K9N8,US57164Y1073,New York Stock Exchange Inc.
VIAV,VIAVI SOLUTIONS INC,Equity,0.3341,10.71,9271144,"$99,293,952",99293952.24,Consumer Discretionary,BYXB201,US9255501051,NASDAQ
VRA,VERA BRADLEY INC.,Equity,0.0296,10.71,821962,"$8,803,213",8803213.02,Consumer Discretionary,B4626P4,US92335C1062,NASDAQ
WAGE,WAGEWORKS INC,Equity,0.3591,72.3,1476114,"$106,723,042",106723042.2,Consumer Discretionary,B6WG4R2,US9304271094,New York Stock Exchange Inc.
WTFC,WINTRUST FINANCIAL CORP.,Equity,0.5277,75.34,2081791,"$156,842,134",156842133.94,Consumer Discretionary,2425258,US97650W1080,NASDAQ
WWW,WOLVERINE WORLD WIDE INC.,Equity,0.3178,23.72,3981569,"$94,442,817",94442816.68,Consumer Discretionary,2977500,US9780971035,New York Stock Exchange Inc.
ZLTQ,ZELTIQ AESTHETICS INC,Equity,0.2695,55.67,1438708,"$80,092,874",80092874.36,Consumer Discretionary,B715V43,US98933Q1085,NASDAQ
AMN,AMN HEALTHCARE INC,Equity,0.2649,40.7,1934194,"$78,721,696",78721695.8,Consumer Staples,2813552,US0017441017,New York Stock Exchange Inc.
BRC,BRADY CORP. CL A,Equity,0.2545,39.5,1915145,"$75,648,228",75648227.5,Consumer Staples,2117726,US1046741062,New York Stock Exchange Inc.
EE,EL PASO ELECTRIC CO.,Equity,0.257,46.6,1639338,"$76,393,151",76393150.8,Consumer Staples,2851808,US2836778546,New York Stock Exchange Inc.
EGP,EASTGROUP PROPERTIES INC.,Equity,0.2619,71.45,1089328,"$77,832,486",77832485.6,Consumer Staples,2455761,US2772761019,New York Stock Exchange Inc.
GK,G & K SERVICES INC. SHS -A-,Equity,0.2526,94.49,794569,"$75,078,825",75078824.81,Consumer Staples,2357317,US3612681052,NASDAQ
HAE,HAEMONETICS CORP.,Equity,0.2649,37.75,2085853,"$78,740,951",78740950.75,Consumer Staples,2401195,US4050241003,New York Stock Exchange Inc.
JJSF,J&J SNACK FOODS CORP.,Equity,0.2631,129.85,602117,"$78,184,892",78184892.45,Consumer Staples,2469171,US4660321096,NASDAQ
KRG,KITE REALTY GROUP TRUST REIT,Equity,0.2616,23.35,3329734,"$77,749,289",77749288.9,Consumer Staples,BPBSZJ1,US49803T3005,New York Stock Exchange Inc.
MNRO,MONRO MUFFLER BRAKE INC.,Equity,0.2528,57.6,1304510,"$75,139,776",75139776,Consumer Staples,2600088,US6102361010,NASDAQ
NTGR,NETGEAR INC.,Equity,0.2526,56.2,1336011,"$75,083,818",75083818.2,Consumer Staples,2688363,US64111Q1040,NASDAQ
PLXS,PLEXUS CORP.,Equity,0.2614,57.41,1353332,"$77,694,790",77694790.12,Consumer Staples,2692160,US7291321005,NASDAQ
POWI,POWER INTEGRATIONS INC.,Equity,0.2591,65.75,1171225,"$77,008,044",77008043.75,Consumer Staples,2133045,US7392761034,NASDAQ
PRAA,PRA GROUP INC,Equity,0.2654,42.15,1871392,"$78,879,173",78879172.8,Consumer Staples,BSHZ3P9,US69354N1063,NASDAQ
SAFM,SANDERSON FARMS INC.,Equity,0.2566,95.03,802458,"$76,257,584",76257583.74,Consumer Staples,2774336,US8000131040,NASDAQ
SFBS,SERVISFIRST BANCSHARES INC,Equity,0.2506,41.87,1778645,"$74,471,866",74471866.15,Consumer Staples,BMH0MP5,US81768T1088,NASDAQ
SKYW,SKYWEST INC.,Equity,0.2508,35.7,2087783,"$74,533,853",74533853.1,Consumer Staples,2814210,US8308791024,NASDAQ
AAT,AMERICAN ASSETS TRUST REIT INC,Equity,0.2359,43.2,1622708,"$70,100,986",70100985.6,Energy,B3NTLD4,US0240131047,New York Stock Exchange Inc.
ABCB,AMERIS BANCORP,Equity,0.2315,48.75,1411023,"$68,787,371",68787371.25,Energy,2038849,US03076K1088,NASDAQ
AEL,AMERICAN EQUITY INVESTMENT LIFE HO,Equity,0.2302,27.23,2512897,"$68,426,185",68426185.31,Energy,2191300,US0256762065,New York Stock Exchange Inc.
AF,ASTORIA FINANCIAL CORP.,Equity,0.2344,18.88,3689076,"$69,649,755",69649754.88,Energy,2052689,US0462651045,New York Stock Exchange Inc.
BOFI,BOFI HOLDING INC.,Equity,0.2327,29.72,2327220,"$69,164,978",69164978.4,Energy,B0637D4,US05566U1088,NASDAQ
CBM,CAMBREX CORP.,Equity,0.2356,54.35,1288279,"$70,017,964",70017963.65,Energy,2165811,US1320111073,New York Stock Exchange Inc.
CCOI,COGENT COMMUNICATIONS HOLDINGS INC,Equity,0.2343,42.1,1654075,"$69,636,558",69636557.5,Energy,B06RWD1,US19239V3024,NASDAQ
FFBC,FIRST FINANCIAL BANCORP (OHIO),Equity,0.2395,28.4,2506280,"$71,178,352",71178352,Energy,2352806,US3202091092,NASDAQ
FN,FABRINET,Equity,0.2418,48.4,1484709,"$71,859,916",71859915.6,Energy,B4JSZL8,KYG3323L1005,New York Stock Exchange Inc.
HQY,HEALTHEQUITY INC,Equity,0.2475,42.83,1717246,"$73,549,646",73549646.18,Energy,BP8XZL1,US42226A1079,NASDAQ
HW,HEADWATERS INC.,Equity,0.2327,23.06,2999679,"$69,172,598",69172597.74,Energy,2229773,US42210P1021,New York Stock Exchange Inc.
INDB,INDEPENDENT BANK CORP.,Equity,0.2345,63.8,1092354,"$69,692,185",69692185.2,Energy,2447821,US4538361084,NASDAQ
IOSP,INNOSPEC INC.,Equity,0.2305,70.6,970136,"$68,491,602",68491601.6,Energy,2245597,US45768S1050,NASDAQ
KFY,KORN/FERRY INTERNATIONAL,Equity,0.2412,30.61,2342328,"$71,698,660",71698660.08,Energy,2386849,US5006432000,New York Stock Exchange Inc.
KWR,QUAKER CHEMICAL CORP.,Equity,0.2385,132.79,533697,"$70,869,625",70869624.63,Energy,2715186,US7473161070,New York Stock Exchange Inc.
LTC,LTC PROPERTIES INC.,Equity,0.2493,46.71,1586473,"$74,104,154",74104153.83,Energy,2498788,US5021751020,New York Stock Exchange Inc.
LTXB,LEGACYTEXAS FINANCIAL GROUP INC,Equity,0.2403,42.53,1678968,"$71,406,509",71406509.04,Energy,BV2CL41,US52471Y1064,NASDAQ
MGLN,MAGELLAN HEALTH INC,Equity,0.2476,78.4,938733,"$73,596,667",73596667.2,Energy,2307787,US5590792074,NASDAQ
MRCY,MERCURY SYSTEMS INC.,Equity,0.2374,37.5,1881461,"$70,554,788",70554787.5,Energy,2144047,US5893781089,NASDAQ
MSTR,MICROSTRATEGY INC.,Equity,0.2461,192.87,379299,"$73,155,398",73155398.13,Energy,2974329,US5949724083,NASDAQ
NBTB,NBT BANCORP INC.,Equity,0.2426,41.37,1742951,"$72,105,883",72105882.87,Energy,2626459,US6287781024,NASDAQ
NWBI,NORTHWEST BANCSHARES INC.,Equity,0.2473,17.96,4091924,"$73,490,955",73490955.04,Energy,B523Z73,US6673401039,NASDAQ
PLCE,CHILDRENS PLACE INC,Equity,0.2436,100.25,722316,"$72,412,179",72412179,Energy,2106791,US1689051076,NASDAQ
SFNC,SIMMONS FIRST NATIONAL CORP CLASS,Equity,0.2432,60.15,1201641,"$72,278,706",72278706.15,Energy,2810133,US8287302009,NASDAQ
SIGI,SELECTIVE INSURANCE GROUP INC.,Equity,0.2441,43.55,1665566,"$72,535,399",72535399.3,Energy,2766173,US8163001071,NASDAQ
SSD,SIMPSON MANUFACTURING CO.,Equity,0.243,44.17,1634792,"$72,208,763",72208762.64,Energy,2809250,US8290731053,New York Stock Exchange Inc.
SYRG,SYNERGY RESOURCES CORP,Equity,0.235,8.7,8026143,"$69,827,444",69827444.1,Energy,B296BJ8,US87164P1030,Nyse Mkt Llc
WTS,WATTS WATER TECHNOLOGIES INC. CL A,Equity,0.235,62.25,1121878,"$69,836,906",69836905.5,Energy,2943620,US9427491025,New York Stock Exchange Inc.
AAON,AAON INC.,Equity,0.1828,34.35,1581484,"$54,323,975",54323975.4,Financials,2268130,US0003602069,NASDAQ
AAWW,ATLAS AIR WORLDWIDE HOLDINGS,Equity,0.1825,53.7,1010216,"$54,248,599",54248599.2,Financials,B01Z8P4,US0491642056,NASDAQ
ABG,ASBURY AUTOMOTIVE GROUP INC.,Equity,0.1814,67.55,798226,"$53,920,166",53920166.3,Financials,2855855,US0434361046,New York Stock Exchange Inc.
ADC,AGREE REALTY CORP.,Equity,0.1733,48.68,1057929,"$51,499,984",51499983.72,Financials,2062161,US0084921008,New York Stock Exchange Inc.
AIN,ALBANY INTERNATIONAL CORP. CL A,Equity,0.1862,47.4,1167619,"$55,345,141",55345140.6,Financials,2012757,US0123481089,New York Stock Exchange Inc.
AIRM,AIR METHODS CORP.,Equity,0.1753,38.85,1340874,"$52,092,955",52092954.9,Financials,2049777,US0091283079,NASDAQ
AJRD,AEROJET ROCKETDYNE HOLDINGS INC,Equity,0.1846,19.34,2836714,"$54,862,049",54862048.76,Financials,BWD7PX9,US0078001056,New York Stock Exchange Inc.
AMED,AMEDISYS INC.,Equity,0.1807,47.94,1120096,"$53,697,402",53697402.24,Financials,2024332,US0234361089,NASDAQ
APOG,APOGEE ENTERPRISES INC.,Equity,0.2267,58.03,1160955,"$67,370,219",67370218.65,Financials,2046176,US0375981091,NASDAQ
ASTE,ASTEC INDUSTRIES INC,Equity,0.1817,70.45,766510,"$54,000,630",54000629.5,Financials,2060370,US0462241011,NASDAQ
ATU,ACTUANT CORP. CL A,Equity,0.2147,26.75,2385091,"$63,801,184",63801184.25,Financials,2716792,US00508X2036,New York Stock Exchange Inc.
AWR,AMERICAN STATES WATER CO.,Equity,0.2198,44.2,1478180,"$65,335,556",65335556,Financials,2267171,US0298991011,New York Stock Exchange Inc.
AXL,AMERICAN AXLE & MANUFACTURING HOLD,Equity,0.21,20.19,3091884,"$62,425,138",62425137.96,Financials,2382416,US0240611030,New York Stock Exchange Inc.
AZZ,AZZ INC.,Equity,0.2071,58.75,1047656,"$61,549,790",61549790,Financials,2067672,US0024741045,New York Stock Exchange Inc.
BANR,BANNER CORP.,Equity,0.2094,58.39,1065698,"$62,226,106",62226106.22,Financials,2346003,US06652V2088,NASDAQ
BHE,BENCHMARK ELECTRONICS INC.,Equity,0.2167,32.6,1975777,"$64,410,330",64410330.2,Financials,2090816,US08160H1014,New York Stock Exchange Inc.
BLD,TOPBUILD CORP,Equity,0.1961,37.92,1537240,"$58,292,141",58292140.8,Financials,BZ0P3W2,US89055F1030,New York Stock Exchange Inc.
BPFH,BOSTON PRIVATE FINANCIAL HOLDINGS,Equity,0.1917,17,3350725,"$56,962,325",56962325,Financials,2081133,US1011191053,NASDAQ
BRKS,BROOKS AUTOMATION INC.,Equity,0.2009,21.41,2788767,"$59,707,501",59707501.47,Financials,2145460,US1143401024,NASDAQ
BYD,BOYD GAMING CORP.,Equity,0.2265,20.35,3308171,"$67,321,280",67321279.85,Financials,2117232,US1033041013,New York Stock Exchange Inc.
CAL,CALERES INC,Equity,0.18,30.48,1755445,"$53,505,964",53505963.6,Financials,BWX4MD9,US1295001044,New York Stock Exchange Inc.
CCMP,CABOT MICROELECTRONICS CORP.,Equity,0.2255,69.25,967833,"$67,022,435",67022435.25,Financials,2572381,US12709P1030,NASDAQ
CHSP,CHESAPEAKE LODGING TRUST REIT,Equity,0.2071,25.33,2429964,"$61,550,988",61550988.12,Financials,B4TC8L1,US1652401027,New York Stock Exchange Inc.
CNSL,CONSOLIDATED COMMUNICATIONS HOLDIN,Equity,0.1783,25.89,2046825,"$52,992,299",52992299.25,Financials,B07LSQ7,US2090341072,NASDAQ
CORE,CORE-MARK HOLDING CO. INC.,Equity,0.2052,32.94,1851483,"$60,987,850",60987850.02,Financials,B0637B2,US2186811046,NASDAQ
CSGS,CSG SYSTEMS INTERNATIONAL INC.,Equity,0.1748,39.79,1305780,"$51,956,986",51956986.2,Financials,2210885,US1263491094,NASDAQ
CUB,CUBIC CORP.,Equity,0.1786,52.5,1011067,"$53,081,018",53081017.5,Financials,2239266,US2296691064,New York Stock Exchange Inc.
CWT,CALIFORNIA WATER SERVICE GROUP,Equity,0.2278,34.9,1940306,"$67,716,679",67716679.4,Financials,2165383,US1307881029,New York Stock Exchange Inc.
CYNO,CYNOSURE INC. CL A,Equity,0.2142,66.25,961052,"$63,669,695",63669695,Financials,B0T4N70,US2325772059,NASDAQ
EBIX,EBIX INC.,Equity,0.18,59.35,901530,"$53,505,806",53505805.5,Financials,2008400,US2787152063,NASDAQ
EGHT,8X8 INC.,Equity,0.1825,15,3616692,"$54,250,380",54250380,Financials,2037170,US2829141009,NASDAQ
EGOV,NIC INC.,Equity,0.1841,21.8,2509782,"$54,713,248",54713247.6,Financials,2438126,US62914B1008,NASDAQ
ESE,ESCO TECHNOLOGIES INC.,Equity,0.1927,55.15,1038277,"$57,260,977",57260976.55,Financials,2321583,US2963151046,New York Stock Exchange Inc.
EXLS,EXLSERVICE HOLDINGS INC.,Equity,0.2152,47.2,1355253,"$63,967,942",63967941.6,Financials,B07LST0,US3020811044,NASDAQ
EXPO,EXPONENT INC.,Equity,0.2031,58.3,1035370,"$60,362,071",60362071,Financials,2330318,US30214U1025,NASDAQ
FCF,FIRST COMMONWEALTH FINANCIAL CORP.,Equity,0.1735,14.28,3611335,"$51,569,864",51569863.8,Financials,2351546,US3198291078,New York Stock Exchange Inc.
FCPT,FOUR CORNERS PROPERTY INC TRUST,Equity,0.177,21.77,2415828,"$52,592,576",52592575.56,Financials,BZ16HK0,US35086T1097,New York Stock Exchange Inc.
FELE,FRANKLIN ELECTRIC CO. INC.,Equity,0.2128,40.75,1551665,"$63,230,349",63230348.75,Financials,2350383,US3535141028,NASDAQ
FLOW,SPX FLOW INC,Equity,0.1928,33.81,1694684,"$57,297,266",57297266.04,Financials,BYMN2T7,US78469X1072,New York Stock Exchange Inc.
FSP,FRANKLIN STREET PROPERTIES REIT CO,Equity,0.1793,12.25,4351076,"$53,300,681",53300681,Financials,B02T2D1,US35471R1068,Nyse Mkt Llc
FWRD,FORWARD AIR CORP.,Equity,0.2066,50.08,1226025,"$61,399,332",61399332,Financials,2510790,US3498531017,NASDAQ
GBX,GREENBRIER INC,Equity,0.1724,44.65,1147427,"$51,232,616",51232615.55,Financials,2387530,US3936571013,New York Stock Exchange Inc.
GPI,GROUP 1 AUTOMOTIVE INC.,Equity,0.2164,80.31,800792,"$64,311,606",64311605.52,Financials,2121352,US3989051095,New York Stock Exchange Inc.
HMN,HORACE MANN EDUCATORS CORP.,Equity,0.2286,41.95,1619784,"$67,949,939",67949938.8,Financials,2437112,US4403271046,New York Stock Exchange Inc.
HMSY,HMS HOLDINGS CORP.,Equity,0.2151,18.67,3424453,"$63,934,538",63934537.51,Financials,2418043,US40425J1016,NASDAQ
HUBG,HUB GROUP INC. CL A,Equity,0.2257,50.55,1326941,"$67,076,868",67076867.55,Financials,2407632,US4433201062,NASDAQ
INN,SUMMIT HOTEL PROPERTIES INC.,Equity,0.1851,15.94,3452075,"$55,026,076",55026075.5,Financials,B3M7R64,US8660821005,New York Stock Exchange Inc.
IRBT,IROBOT CORP.,Equity,0.2024,55.58,1082188,"$60,148,009",60148009.04,Financials,B0J2NS5,US4627261005,NASDAQ
KALU,KAISER ALUMINUM CORP.,Equity,0.1985,82.07,718790,"$58,991,095",58991095.3,Financials,B15CJ33,US4830077040,NASDAQ
KAMN,KAMAN CORP.,Equity,0.1916,51.93,1096393,"$56,935,688",56935688.49,Financials,2483223,US4835481031,New York Stock Exchange Inc.
KLIC,KULICKE AND SOFFA INDUSTRIES INC,Equity,0.1962,20.54,2838695,"$58,306,795",58306795.3,Financials,2498001,US5012421013,NASDAQ
LZB,LA-Z-BOY INC,Equity,0.193,29.1,1970998,"$57,356,042",57356041.8,Financials,2508405,US5053361078,New York Stock Exchange Inc.
MATX,MATSON INC.,Equity,0.2101,36,1734175,"$62,430,300",62430300,Financials,B8GNC91,US57686G1058,New York Stock Exchange Inc.
MEI,METHODE ELECTRONICS INC.,Equity,0.2113,42.2,1488240,"$62,803,728",62803728,Financials,2583297,US5915202007,New York Stock Exchange Inc.
MINI,MOBILE MINI INC.,Equity,0.2021,33.4,1798003,"$60,053,300",60053300.2,Financials,2548177,US60740F1057,NASDAQ
MTH,MERITAGE HOMES CORP.,Equity,0.175,34.15,1523027,"$52,011,372",52011372.05,Financials,2601326,US59001A1025,New York Stock Exchange Inc.
MYGN,MYRIAD GENETICS INC.,Equity,0.1736,18.62,2771295,"$51,601,513",51601512.9,Financials,2614153,US62855J1043,NASDAQ
NP,NEENAH PAPER INC.,Equity,0.1733,75.95,678013,"$51,495,087",51495087.35,Financials,B03W0P7,US6400791090,New York Stock Exchange Inc.
NPO,ENPRO INDUSTRIES INC.,Equity,0.1837,63.5,859558,"$54,581,933",54581933,Financials,2951292,US29355X1072,New York Stock Exchange Inc.
NSIT,INSIGHT ENTERPRISES INC.,Equity,0.2146,44.48,1434145,"$63,790,770",63790769.6,Financials,2475060,US45765U1034,NASDAQ
NSP,INSPERITY INC.,Equity,0.2164,84.3,762870,"$64,309,941",64309941,Financials,2007281,US45778Q1076,New York Stock Exchange Inc.
NWN,NORTHWEST NATURAL GAS CO.,Equity,0.2288,58.9,1154472,"$67,998,401",67998400.8,Financials,2649586,US6676551046,New York Stock Exchange Inc.
OLLI,OLLIES BARGAIN OUTLET HOLDINGS INC,Equity,0.209,32.55,1908484,"$62,121,154",62121154.2,Financials,BZ22B38,US6811161099,NASDAQ
OMCL,OMNICELL INC.,Equity,0.1909,38.6,1469771,"$56,733,161",56733160.6,Financials,2789523,US68213N1090,NASDAQ
OSIS,OSI SYSTEMS INC.,Equity,0.1907,77.36,732618,"$56,675,328",56675328.48,Financials,2111579,US6710441055,NASDAQ
PFS,PROVIDENT FINANCIAL SERVICES INC.,Equity,0.2168,26.53,2428676,"$64,432,774",64432774.28,Financials,2171603,US74386T1051,New York Stock Exchange Inc.
PLKI,POPEYES LOUISIANA KITCHEN INC,Equity,0.1866,66.12,838575,"$55,446,579",55446579,Financials,BJ4YHV0,US7328721060,NASDAQ
PRGS,PROGRESS SOFTWARE CORP.,Equity,0.1935,29.25,1965663,"$57,495,643",57495642.75,Financials,2705198,US7433121008,NASDAQ
PRLB,PROTO LABS INC,Equity,0.1827,55.6,976560,"$54,296,736",54296736,Financials,B6T6J81,US7437131094,New York Stock Exchange Inc.
RMBS,RAMBUS INC.,Equity,0.1878,12.6,4430007,"$55,818,088",55818088.2,Financials,2721967,US7509171069,NASDAQ
ROG,ROGERS CORP.,Equity,0.1921,78.8,724678,"$57,104,626",57104626.4,Financials,2746700,US7751331015,New York Stock Exchange Inc.
SBRA,SABRA HEALTHCARE REIT INC.,Equity,0.2247,25.32,2637276,"$66,775,828",66775828.32,Financials,B5NLBP6,US78573L1061,NASDAQ
SCAI,SURGICAL CARE AFFILIATES INC,Equity,0.2146,56.69,1124977,"$63,774,946",63774946.13,Financials,BFTDJM9,US86881L1061,NASDAQ
SCL,STEPAN CO.,Equity,0.2067,78.06,786955,"$61,429,707",61429707.3,Financials,2845005,US8585861003,New York Stock Exchange Inc.
SEM,SELECT MEDICAL HOLDINGS CORPORATIO,Equity,0.1853,12.7,4336782,"$55,077,131",55077131.4,Financials,B4MF0Q6,US81619Q1058,New York Stock Exchange Inc.
SFLY,SHUTTERFLY INC.,Equity,0.2195,48.06,1357659,"$65,249,092",65249091.54,Financials,B188HK1,US82568P3047,NASDAQ
SNCR,SYNCHRONOSS TECHNOLOGIES INC.,Equity,0.1902,33.15,1704763,"$56,512,893",56512893.45,Financials,B17BCQ2,US87157B1035,NASDAQ
SPTN,SPARTANNASH,Equity,0.1975,38.71,1516090,"$58,687,844",58687843.9,Financials,BN40158,US8472151005,NASDAQ
STBA,S&T BANCORP INC.,Equity,0.1768,37.13,1415155,"$52,544,705",52544705.15,Financials,2781109,US7838591011,NASDAQ
SUPN,SUPERNUS PHARMACEUTICALS INC,Equity,0.1734,26.1,1974471,"$51,533,693",51533693.1,Financials,B72ZBG4,US8684591089,NASDAQ
SWM,SCHWEITZER-MAUDUIT INTERNATIONAL I,Equity,0.1733,41.67,1235955,"$51,502,245",51502244.85,Financials,2782038,US8085411069,New York Stock Exchange Inc.
TASR,TASER INTERNATIONAL INC.,Equity,0.1854,26.5,2079696,"$55,111,944",55111944,Financials,2767198,US87651B1044,NASDAQ
TGI,TRIUMPH GROUP INC.,Equity,0.18,26.8,1996259,"$53,499,741",53499741.2,Financials,2893071,US8968181011,New York Stock Exchange Inc.
THRM,GENTHERM INC,Equity,0.1775,35.7,1477834,"$52,758,674",52758673.8,Financials,B8JFD24,US37253A1034,NASDAQ
TTMI,TTM TECHNOLOGIES INC.,Equity,0.1903,16.69,3388210,"$56,549,225",56549224.9,Financials,2635659,US87305R1095,NASDAQ
UNT,UNIT CORP.,Equity,0.1803,26.09,2054236,"$53,595,017",53595017.24,Financials,2925833,US9092181091,New York Stock Exchange Inc.
UVV,UNIVERSAL CORP.,Equity,0.2298,67.5,1011905,"$68,303,588",68303587.5,Financials,2923804,US9134561094,New York Stock Exchange Inc.
WABC,WESTAMERICA BANCORP,Equity,0.2024,57.92,1038347,"$60,141,058",60141058.24,Financials,2950374,US9570901036,NASDAQ
WDFC,WD-40 CO.,Equity,0.2136,110.8,573056,"$63,494,605",63494604.8,Financials,2944742,US9292361071,NASDAQ
WNC,WABASH NATIONAL CORP.,Equity,0.1728,20.53,2501414,"$51,354,029",51354029.42,Financials,2932048,US9295661071,New York Stock Exchange Inc.
ABAX,ABAXIS INC.,Equity,0.1527,49.66,914003,"$45,389,389",45389388.98,Health Care,2011550,US0025671050,NASDAQ
ACOR,ACORDA THERAPEUTICS INC.,Equity,0.159,25.3,1868102,"$47,262,981",47262980.6,Health Care,2925844,US00484M1062,NASDAQ
ADTN,ADTRAN INC.,Equity,0.1433,21.7,1962414,"$42,584,384",42584383.8,Health Care,2052924,US00738A1060,NASDAQ
AIR,AAR CORP.,Equity,0.1479,33.98,1293380,"$43,949,052",43949052.4,Health Care,2001119,US0003611052,New York Stock Exchange Inc.
ALOG,ANALOGIC CORP.,Equity,0.1387,81.6,505132,"$41,218,771",41218771.2,Health Care,2032090,US0326572072,NASDAQ
AMSF,AMERISAFE INC.,Equity,0.1696,65.25,772495,"$50,405,299",50405298.75,Health Care,B0PPHS6,US03071H1005,NASDAQ
AMWD,AMERICAN WOODMARK CORP.,Equity,0.1457,77.75,556970,"$43,304,418",43304417.5,Health Care,2030674,US0305061097,NASDAQ
ANDE,ANDERSONS INC.,Equity,0.1423,40.05,1055988,"$42,292,319",42292319.4,Health Care,2274922,US0341641035,NASDAQ
AROC,ARCHROCK INC,Equity,0.1484,15.8,2792187,"$44,116,555",44116554.6,Health Care,BYRGSX7,US03957W1062,New York Stock Exchange Inc.
BABY,NATUS MEDICAL INC.,Equity,0.1711,38.15,1332786,"$50,845,786",50845785.9,Health Care,2771133,US6390501038,NASDAQ
BCC,BOISE CASCADE COMPANY,Equity,0.1434,27.1,1572869,"$42,624,750",42624749.9,Health Care,B9BP4R1,US09739D1000,New York Stock Exchange Inc.
BEL,BELMOND LTD CLASS A,Equity,0.1624,14.1,3422288,"$48,254,261",48254260.8,Health Care,BNFZBM9,BMG1154H1079,New York Stock Exchange Inc.
BMI,BADGER METER INC.,Equity,0.1421,35.85,1178193,"$42,238,219",42238219.05,Health Care,2069128,US0565251081,New York Stock Exchange Inc.
BOBE,BOB EVANS FARMS INC.,Equity,0.1526,56.85,797634,"$45,345,493",45345492.9,Health Care,2107750,US0967611015,NASDAQ
BRKL,BROOKLINE BANCORP INC.,Equity,0.1539,16.05,2849699,"$45,737,669",45737668.95,Health Care,2967675,US11373M1071,NASDAQ
CALM,CAL-MAINE FOODS INC.,Equity,0.1562,38.65,1201457,"$46,436,313",46436313.05,Health Care,2158781,US1280302027,NASDAQ
CENTA,CENTRAL GARDEN & PET CO. CL A,Equity,0.1541,33.73,1357655,"$45,793,703",45793703.15,Health Care,B1P36Y6,US1535272058,NASDAQ
CFNL,CARDINAL FINANCIAL CORP.,Equity,0.1394,31.22,1327048,"$41,430,439",41430438.56,Health Care,2277556,US14149F1093,NASDAQ
CKH,SEACOR HOLDINGS INC.,Equity,0.1524,70.53,642374,"$45,306,638",45306638.22,Health Care,2797838,US8119041015,New York Stock Exchange Inc.
CNMD,CONMED CORP.,Equity,0.146,43.5,997672,"$43,398,732",43398732,Health Care,2216010,US2074101013,NASDAQ
DIN,DINEEQUITY INC.,Equity,0.1387,60.14,685227,"$41,209,552",41209551.78,Health Care,2456957,US2544231069,New York Stock Exchange Inc.
EBS,EMERGENT BIOSOLUTIONS INC.,Equity,0.1427,30.39,1395675,"$42,414,563",42414563.25,Health Care,B1HJLW5,US29089Q1058,New York Stock Exchange Inc.
ECOL,US ECOLOGY INC.,Equity,0.1508,50.8,882473,"$44,829,628",44829628.4,Health Care,2772396,US91732J1025,NASDAQ
EIG,EMPLOYERS HOLDINGS INC.,Equity,0.1625,37.1,1301687,"$48,292,588",48292587.7,Health Care,B1Q1RR9,US2922181043,New York Stock Exchange Inc.
FBP,FIRST BANCORP (PUERTO RICO),Equity,0.1384,6.55,6279322,"$41,129,559",41129559.1,Health Care,2296926,PR3186727065,New York Stock Exchange Inc.
FIX,COMFORT SYSTEMS USA INC.,Equity,0.1696,33.65,1497595,"$50,394,072",50394071.75,Health Care,2036047,US1999081045,New York Stock Exchange Inc.
GCI,GANNETT INC,Equity,0.1397,8.82,4706148,"$41,508,225",41508225.36,Health Care,BZ0P429,US36473H1041,New York Stock Exchange Inc.
GCO,GENESCO INC.,Equity,0.1696,60.35,835146,"$50,401,061",50401061.1,Health Care,2367101,US3715321028,New York Stock Exchange Inc.
GDOT,GREEN DOT CORP. CL A,Equity,0.1617,26.86,1789163,"$48,056,918",48056918.18,Health Care,B3WNNP3,US39304D1028,New York Stock Exchange Inc.
GIII,G III APPAREL GROUP LTD,Equity,0.1578,26.48,1770766,"$46,889,884",46889883.68,Health Care,2369721,US36237H1014,NASDAQ
GLT,GLATFELTER,Equity,0.1389,23.46,1759635,"$41,281,037",41281037.1,Health Care,2372008,US3773161043,New York Stock Exchange Inc.
GTLS,CHART INDUSTRIES INC.,Equity,0.1615,39.01,1230162,"$47,988,620",47988619.62,Health Care,B19HNF4,US16115Q3083,NASDAQ
HAFC,HANMI FINANCIAL CORP.,Equity,0.1483,33.65,1309859,"$44,076,755",44076755.35,Health Care,B6TPXR5,US4104952043,NASDAQ
HF,HFF INC. CL A,Equity,0.1463,30.72,1415749,"$43,491,809",43491809.28,Health Care,B1Q1RT1,US40418F1084,New York Stock Exchange Inc.
HSC,HARSCO CORP.,Equity,0.1521,14,3228997,"$45,205,958",45205958,Health Care,2412700,US4158641070,New York Stock Exchange Inc.
INGN,INOGEN INC,Equity,0.1503,69.36,644157,"$44,678,730",44678729.52,Health Care,BJSVLL5,US45780L1044,NASDAQ
IPXL,IMPAX LABORATORIES INC.,Equity,0.1461,14.6,2973641,"$43,415,159",43415158.6,Health Care,2373722,US45256B1017,NASDAQ
LDL,LYDALL INC.,Equity,0.1385,59.35,693303,"$41,147,533",41147533.05,Health Care,2534671,US5508191062,New York Stock Exchange Inc.
MANT,MANTECH INTERNATIONAL CORP CLASS A,Equity,0.1396,40.46,1025591,"$41,495,412",41495411.86,Health Care,2825308,US5645631046,NASDAQ
MDC,M.D.C. HOLDINGS INC.,Equity,0.159,28.39,1664428,"$47,253,111",47253110.92,Health Care,2561204,US5526761086,New York Stock Exchange Inc.
MHLD,MAIDEN HOLDINGS LTD.,Equity,0.1494,16.75,2650912,"$44,402,776",44402776,Health Care,B2RB076,BMG5753U1128,NASDAQ
MMSI,MERIT MEDICAL SYSTEMS INC.,Equity,0.17,28.25,1788900,"$50,536,425",50536425,Health Care,2580555,US5898891040,NASDAQ
MNTA,MOMENTA PHARMACEUTICALS INC.,Equity,0.1655,19,2588598,"$49,183,362",49183362,Health Care,B018VB0,US60877T1007,NASDAQ
NAVG,NAVIGATORS GROUP INC.,Equity,0.1682,55.85,895122,"$49,992,564",49992563.7,Health Care,2627850,US6389041020,NASDAQ
NCI,NAVIGANT CONSULTING INC.,Equity,0.1481,23.04,1910664,"$44,021,699",44021698.56,Health Care,2564797,US63935N1072,New York Stock Exchange Inc.
NTRI,NUTRISYSTEM INC.,Equity,0.1455,36.45,1186173,"$43,236,006",43236005.85,Health Care,2620398,US67069D1081,NASDAQ
PATK,PATRICK INDUSTRIES INC,Equity,0.1547,78.35,586949,"$45,987,454",45987454.15,Health Care,2673154,US7033431039,NASDAQ
PEI,PENNSYLVANIA REAL ESTATE INVESTMEN,Equity,0.1609,17.25,2772042,"$47,817,725",47817724.5,Health Care,2680767,US7091021078,New York Stock Exchange Inc.
PJC,PIPER JAFFRAY COS.,Equity,0.1475,76.05,576337,"$43,830,429",43830428.85,Health Care,2227089,US7240781002,New York Stock Exchange Inc.
QLYS,QUALYS INC,Equity,0.139,35.6,1160494,"$41,313,586",41313586.4,Health Care,B7XJTN8,US74758T3032,NASDAQ
RAVN,RAVEN INDUSTRIES INC.,Equity,0.1441,29.1,1471801,"$42,829,409",42829409.1,Health Care,2725851,US7542121089,NASDAQ
RGEN,REPLIGEN CORP.,Equity,0.1417,31.02,1357206,"$42,100,530",42100530.12,Health Care,2731654,US7599161095,NASDAQ
RH,RH,Equity,0.1402,26.82,1553917,"$41,676,054",41676053.94,Health Care,BYXR425,US74967X1037,New York Stock Exchange Inc.
RMAX,RE MAX HOLDINGS INC CLASS A,Equity,0.144,59.8,715590,"$42,792,282",42792282,Health Care,BF23JJ3,US75524W1080,New York Stock Exchange Inc.
ROCK,GIBRALTAR INDUSTRIES INC.,Equity,0.1712,40.3,1262445,"$50,876,534",50876533.5,Health Care,2369226,US3746891072,NASDAQ
RRD,RR DONNELLEY AND SONS,Equity,0.167,17.58,2823290,"$49,633,438",49633438.2,Health Care,BYND5W0,US2578672006,New York Stock Exchange Inc.
SAIA,SAIA INC.,Equity,0.1632,48.6,998094,"$48,507,368",48507368.4,Health Care,2982399,US78709Y1055,NASDAQ
SCHL,SCHOLASTIC CORP.,Equity,0.1715,46.63,1093004,"$50,966,777",50966776.52,Health Care,2779234,US8070661058,NASDAQ
SCSC,SCANSOURCE INC.,Equity,0.1473,42.9,1020760,"$43,790,604",43790604,Health Care,2767756,US8060371072,NASDAQ
SCSS,SELECT COMFORT CORP.,Equity,0.1399,22.87,1818082,"$41,579,535",41579535.34,Health Care,2320892,US81616X1037,NASDAQ
SGMS,SCIENTIFIC GAMES CORP.,Equity,0.1398,20.55,2021935,"$41,550,764",41550764.25,Health Care,2919290,US80874P1093,NASDAQ
SONC,SONIC CORP.,Equity,0.1656,26.59,1851199,"$49,223,381",49223381.41,Health Care,2821113,US8354511052,NASDAQ
SPXC,SPX CORP,Equity,0.1412,24.84,1689579,"$41,969,142",41969142.36,Health Care,2787185,US7846351044,New York Stock Exchange Inc.
SSP,E.W. SCRIPPS CO. CL A,Equity,0.1624,21.02,2295728,"$48,256,203",48256202.56,Health Care,2862532,US8110544025,New York Stock Exchange Inc.
SSTK,SHUTTERSTOCK INC,Equity,0.1423,54.79,771606,"$42,276,293",42276292.74,Health Care,B7ZR219,US8256901005,New York Stock Exchange Inc.
STC,STEWART INFORMATION SERVICES CORP.,Equity,0.1429,45.01,943309,"$42,458,338",42458338.09,Health Care,2848736,US8603721015,New York Stock Exchange Inc.
SVU,SUPERVALU INC,Equity,0.1418,3.92,10750597,"$42,142,340",42142340.24,Health Care,2863610,US8685361037,New York Stock Exchange Inc.
SXI,STANDEX INTERNATIONAL CORP.,Equity,0.1661,95.45,517237,"$49,370,272",49370271.65,Health Care,2840174,US8542311076,New York Stock Exchange Inc.
SYKE,SYKES ENTERPRISES INC.,Equity,0.1549,28.72,1603283,"$46,046,288",46046287.76,Health Care,2860536,US8712371033,NASDAQ
TBI,TRUEBLUE INC.,Equity,0.1491,25.9,1711316,"$44,323,084",44323084.4,Health Care,2519849,US89785X1019,New York Stock Exchange Inc.
TILE,INTERFACE INC.,Equity,0.1559,17.75,2610120,"$46,329,630",46329630,Health Care,B86V808,US4586653044,NASDAQ
TISI,TEAM INC,Equity,0.14,34.75,1197259,"$41,604,750",41604750.25,Health Care,2879123,US8781551002,New York Stock Exchange Inc.
TLRD,TAILORED BRANDS INC,Equity,0.1491,22.65,1956517,"$44,315,110",44315110.05,Health Care,BZ8FLW0,US87403A1079,New York Stock Exchange Inc.
TMP,TOMPKINS FINANCIAL CORP,Equity,0.1494,89.34,497093,"$44,410,289",44410288.62,Health Care,2888613,US8901101092,Nyse Mkt Llc
TNC,TENNANT CO.,Equity,0.1705,71.35,710250,"$50,676,338",50676337.5,Health Care,2883641,US8803451033,New York Stock Exchange Inc.
UEIC,UNIVERSAL ELECTRONICS INC.,Equity,0.1427,72.65,583793,"$42,412,561",42412561.45,Health Care,2911683,US9134831034,NASDAQ
VECO,VEECO INSTRUMENTS INC.,Equity,0.1502,27.55,1620699,"$44,650,257",44650257.45,Health Care,2938422,US9224171002,NASDAQ
VREX,VAREX IMAGING CORP,Equity,0.1664,32.68,1513702,"$49,467,781",49467781.36,Health Care,BDQYWV1,US92214X1063,NASDAQ
WD,WALKER & DUNLOP INC.,Equity,0.1507,40.02,1118870,"$44,777,177",44777177.4,Health Care,B4TZV44,US93148P1021,New York Stock Exchange Inc.
XXIA,IXIA,Equity,0.1659,19.5,2528371,"$49,303,235",49303234.5,Health Care,2654245,US45071R1095,NASDAQ
AEGN,AEGION CORP,Equity,0.1052,22.49,1389962,"$31,260,245",31260245.38,Industrials,B764L34,US00770F1049,NASDAQ
ALG,ALAMO GROUP INC.,Equity,0.0985,77.17,379415,"$29,279,456",29279455.55,Industrials,2021634,US0113111076,New York Stock Exchange Inc.
AMAG,AMAG PHARMACEUTICALS INC.,Equity,0.113,24.15,1390505,"$33,580,696",33580695.75,Industrials,2008121,US00163U1060,NASDAQ
ANF,ABERCROMBIE & FITCH CO. CL A,Equity,0.1131,12.2,2754246,"$33,601,801",33601801.2,Industrials,2004185,US0028962076,New York Stock Exchange Inc.
ANIK,ANIKA THERAPEUTICS INC.,Equity,0.0971,48.98,589202,"$28,859,114",28859113.96,Industrials,2035754,US0352551081,NASDAQ
ARCB,ARCBEST CORP,Equity,0.1002,31,960438,"$29,773,578",29773578,Industrials,BLTFST7,US03937C1053,NASDAQ
ASIX,ADVANSIX INC,Equity,0.121,29.23,1230240,"$35,959,915",35959915.2,Industrials,BYMMZL7,US00773T1016,New York Stock Exchange Inc.
ASNA,ASCENA RETAIL GROUP INC.,Equity,0.1177,5.11,6846046,"$34,983,295",34983295.06,Industrials,B65D9Z3,US04351G1013,NASDAQ
ATNI,ATN INTERNATIONAL INC,Equity,0.1177,80.75,433272,"$34,986,714",34986714,Industrials,BDC84D3,US00215F1075,NASDAQ
ATW,ATWOOD OCEANICS INC.,Equity,0.0989,10,2939616,"$29,396,160",29396160,Industrials,2062440,US0500951084,New York Stock Exchange Inc.
BANC,BANC OF CALIFORNIA INC,Equity,0.1337,19.85,2001144,"$39,722,708",39722708.4,Industrials,BCD47X4,US05990K1060,New York Stock Exchange Inc.
BEAT,BIOTELEMETRY INC,Equity,0.094,24.95,1119991,"$27,943,775",27943775.45,Industrials,BCD7L64,US0906721065,NASDAQ
BFS,SAUL CENTERS INC.,Equity,0.1064,65.23,484638,"$31,612,937",31612936.74,Industrials,2777777,US8043951016,New York Stock Exchange Inc.
BGC,GENERAL CABLE CORP.,Equity,0.1091,16.3,1989556,"$32,429,763",32429762.8,Industrials,2369851,US3693001089,New York Stock Exchange Inc.
BGG,BRIGGS & STRATTON CORP.,Equity,0.1277,21.76,1744083,"$37,951,246",37951246.08,Industrials,2156581,US1090431099,New York Stock Exchange Inc.
BJRI,BJS RESTAURANTS INC.,Equity,0.0979,37.3,780123,"$29,098,588",29098587.9,Industrials,2200552,US09180C1062,NASDAQ
CBB,CINCINNATI BELL INC,Equity,0.1139,19.85,1704912,"$33,842,503",33842503.2,Industrials,BD5CWW7,US1718715022,New York Stock Exchange Inc.
CCC,CALGON CARBON CORP.,Equity,0.111,16.05,2055653,"$32,993,231",32993230.65,Industrials,2164368,US1296031065,New York Stock Exchange Inc.
CENX,CENTURY ALUMINUM CO.,Equity,0.1004,15.25,1956372,"$29,834,673",29834673,Industrials,2186254,US1564311082,NASDAQ
CEVA,CEVA INC.,Equity,0.1014,34.85,864300,"$30,120,855",30120855,Industrials,2986937,US1572101053,NASDAQ
CHCO,CITY HOLDING CO.,Equity,0.1356,66.08,610006,"$40,309,196",40309196.48,Industrials,2161778,US1778351056,NASDAQ
CIR,CIRCOR INTERNATIONAL INC.,Equity,0.1367,61.55,660048,"$40,625,954",40625954.4,Industrials,2496384,US17273K1097,New York Stock Exchange Inc.
CLW,CLEARWATER PAPER CORP.,Equity,0.1318,57.9,676534,"$39,171,319",39171318.6,Industrials,B3K9Z35,US18538R1032,New York Stock Exchange Inc.
CMO,CAPSTEAD MORTGAGE CORP.,Equity,0.1367,10.49,3873887,"$40,637,075",40637074.63,Industrials,2771984,US14067E5069,New York Stock Exchange Inc.
CPF,CENTRAL PACIFIC FINANCIAL CORP.,Equity,0.1344,32.04,1247089,"$39,956,732",39956731.56,Industrials,2230946,US1547604090,New York Stock Exchange Inc.
CPLA,CAPELLA EDUCATION CO.,Equity,0.1208,77.7,461912,"$35,890,562",35890562.4,Industrials,B0GWDP5,US1395941057,NASDAQ
CTRE,CARETRUST REIT INC,Equity,0.1345,15.34,2605428,"$39,967,266",39967265.52,Industrials,BMP8TL6,US14174T1079,NASDAQ
CTS,CTS CORP.,Equity,0.1042,23.3,1329711,"$30,982,266",30982266.3,Industrials,2239244,US1265011056,New York Stock Exchange Inc.
CUBI,CUSTOMERS BANCORP INC,Equity,0.1349,34.99,1146088,"$40,101,619",40101619.12,Industrials,B6XHXY4,US23204G1004,New York Stock Exchange Inc.
CVCO,CAVCO INDUSTRIES INC.,Equity,0.1312,114.5,340477,"$38,984,617",38984616.5,Industrials,2787022,US1495681074,NASDAQ
CVGW,CALAVO GROWERS INC.,Equity,0.1215,57.9,623393,"$36,094,455",36094454.7,Industrials,2859200,US1282461052,NASDAQ
CYH,COMMUNITY HEALTH SYSTEMS INC.,Equity,0.1063,6.9,4580212,"$31,603,463",31603462.8,Industrials,2600248,US2036681086,New York Stock Exchange Inc.
DEL,DELTIC TIMBER CORP.,Equity,0.1103,76.81,426860,"$32,787,117",32787116.6,Industrials,2267438,US2478501008,New York Stock Exchange Inc.
DEPO,DEPOMED INC.,Equity,0.1384,16.47,2497228,"$41,129,345",41129345.16,Industrials,2100179,US2499081048,NASDAQ
DIOD,DIODES INC.,Equity,0.1351,25.51,1574340,"$40,161,413",40161413.4,Industrials,2270500,US2545431015,NASDAQ
ELY,CALLAWAY GOLF CO.,Equity,0.1321,10.35,3794242,"$39,270,405",39270404.7,Industrials,2173933,US1311931042,New York Stock Exchange Inc.
ENSG,ENSIGN GROUP INC.,Equity,0.1179,18.11,1934035,"$35,025,374",35025373.85,Industrials,B1YWPP8,US29358P1012,NASDAQ
EPAY,BOTTOMLINE TECHNOLOGIES INC.,Equity,0.1277,25.55,1485278,"$37,948,853",37948852.9,Industrials,2389558,US1013881065,NASDAQ
ESND,ESSENDANT INC,Equity,0.1078,21.42,1495545,"$32,034,574",32034573.9,Industrials,BY4K7X5,US2966891028,NASDAQ
ETH,ETHAN ALLEN INTERIORS INC.,Equity,0.097,27.85,1035620,"$28,842,017",28842017,Industrials,2320825,US2976021046,New York Stock Exchange Inc.
EXPR,EXPRESS INC,Equity,0.122,11.38,3184913,"$36,244,310",36244309.94,Industrials,B464DZ9,US30219E1038,New York Stock Exchange Inc.
EXTN,EXTERRAN CORP,Equity,0.1363,32.23,1256697,"$40,503,344",40503344.31,Industrials,BYMC5T5,US30227H1068,New York Stock Exchange Inc.
FINL,FINISH LINE INC. CL A,Equity,0.0955,17.31,1639124,"$28,373,236",28373236.44,Industrials,2349819,US3179231002,NASDAQ
FOXF,FOX FACTORY HOLDING CORP,Equity,0.104,27,1144529,"$30,902,283",30902283,Industrials,BCRY5K3,US35138V1026,NASDAQ
FRAN,FRANCESCAS HOLDINGS CORP,Equity,0.093,18.03,1532438,"$27,629,857",27629857.14,Industrials,B4RM4H1,US3517931040,NASDAQ
FRGI,FIESTA RESTAURANT GROUP INC.,Equity,0.1028,28,1091264,"$30,555,392",30555392,Industrials,B7V5P52,US31660B1017,NASDAQ
FSS,FEDERAL SIGNAL CORP.,Equity,0.1251,15.28,2433160,"$37,178,685",37178684.8,Industrials,2333986,US3138551086,New York Stock Exchange Inc.
GES,GUESS? INC.,Equity,0.1101,13.02,2513294,"$32,723,088",32723087.88,Industrials,2387109,US4016171054,New York Stock Exchange Inc.
GFF,GRIFFON CORP.,Equity,0.1026,25.25,1207742,"$30,495,486",30495485.5,Industrials,2463344,US3984331021,New York Stock Exchange Inc.
GHL,GREENHILL & CO.,Equity,0.111,29.9,1103596,"$32,997,520",32997520.4,Industrials,B00G8B4,US3952591044,New York Stock Exchange Inc.
GOV,GOVERNMENT PROPERTIES INCOME TRUST,Equity,0.1126,19.57,1710651,"$33,477,440",33477440.07,Industrials,B4ZG8D9,US38376A1034,NASDAQ
GPRE,GREEN PLAINS INC,Equity,0.1161,23.8,1449971,"$34,509,310",34509309.8,Industrials,B11FJD6,US3932221043,NASDAQ
GTY,GETTY REALTY CORP.,Equity,0.0944,25.97,1080719,"$28,066,272",28066272.43,Industrials,2698146,US3742971092,New York Stock Exchange Inc.
HLX,HELIX ENERGY SOLUTIONS GROUP INC.,Equity,0.1325,7.41,5314244,"$39,378,548",39378548.04,Industrials,2037062,US42330P1075,New York Stock Exchange Inc.
HTLD,HEARTLAND EXPRESS INC.,Equity,0.1189,20.53,1721543,"$35,343,278",35343277.79,Industrials,2414018,US4223471040,NASDAQ
IBP,INSTALLED BUILDING PRODUCTS INC,Equity,0.1113,41.4,799055,"$33,080,877",33080877,Industrials,BJSP4C9,US45780R1014,New York Stock Exchange Inc.
INVA,INNOVIVA INC,Equity,0.1267,12.04,3127512,"$37,655,244",37655244.48,Industrials,BDDXF67,US45781M1018,NASDAQ
IPCC,INFINITY PROPERTY & CASUALTY CORP.,Equity,0.1346,89,449420,"$39,998,380",39998380,Industrials,2313739,US45665Q1031,NASDAQ
IPHS,INNOPHOS HOLDINGS INC,Equity,0.1313,49.67,785452,"$39,013,401",39013400.84,Industrials,B1GHPN9,US45774N1081,NASDAQ
IRDM,IRIDIUM COMMUNICATIONS INC.,Equity,0.1035,9.4,3272409,"$30,760,645",30760644.6,Industrials,B2QH310,US46269C1027,NASDAQ
ITGR,INTEGER HOLDINGS CORP,Equity,0.1326,35.55,1108304,"$39,400,207",39400207.2,Industrials,BD06LM7,US45826H1095,New York Stock Exchange Inc.
KOP,KOPPERS HOLDINGS INC.,Equity,0.1204,42.85,835299,"$35,792,562",35792562.15,Industrials,B0X46B1,US50060P1066,New York Stock Exchange Inc.
KRA,KRATON CORP,Equity,0.1138,26.95,1255289,"$33,830,039",33830038.55,Industrials,B547X79,US50077C1062,New York Stock Exchange Inc.
LABL,MULTI-COLOR CORP.,Equity,0.1291,71.55,536079,"$38,356,452",38356452.45,Industrials,2609858,US6253831043,NASDAQ
LHCG,LHC GROUP,Equity,0.0987,48.3,607442,"$29,339,449",29339448.6,Industrials,B06DT50,US50187A1079,NASDAQ
LKSD,LSC COMMUNICATIONS INC,Equity,0.0982,26.88,1085219,"$29,170,687",29170686.72,Industrials,BYND5V9,US50218P1075,New York Stock Exchange Inc.
LMNX,LUMINEX CORP,Equity,0.0997,18.25,1623157,"$29,622,615",29622615.25,Industrials,2572109,US55027E1029,NASDAQ
LNN,LINDSAY CORP.,Equity,0.1132,78.42,429084,"$33,648,767",33648767.28,Industrials,2516613,US5355551061,New York Stock Exchange Inc.
MDXG,MIMEDX GROUP INC,Equity,0.1142,8.29,4094951,"$33,947,144",33947143.79,Industrials,B1Z3TW5,US6024961012,NASDAQ
MTRN,MATERION CORP.,Equity,0.0971,35.85,804926,"$28,856,597",28856597.1,Industrials,2149622,US5766901012,New York Stock Exchange Inc.
MTSC,MTS SYSTEMS CORP.,Equity,0.1283,56.15,679178,"$38,135,845",38135844.7,Industrials,2608985,US5537771033,NASDAQ
NANO,NANOMETRICS INC.,Equity,0.0925,27.18,1011572,"$27,494,527",27494526.96,Industrials,2622220,US6300771051,NASDAQ
NBHC,NATIONAL BANK HOLDINGS CORPORATION,Equity,0.1176,33.11,1055357,"$34,942,870",34942870.27,Industrials,B888DV3,US6337071046,New York Stock Exchange Inc.
NEWM,NEW MEDIA INVESTMENT GROUP INC,Equity,0.1138,15.89,2128500,"$33,821,865",33821865,Industrials,BH2R795,US64704V1061,New York Stock Exchange Inc.
NFBK,NORTHFIELD BANCORP INC.,Equity,0.113,18.35,1830320,"$33,586,372",33586372,Industrials,B8NB2R6,US66611T1088,NASDAQ
OXM,OXFORD INDUSTRIES INC.,Equity,0.1152,56.46,606488,"$34,242,312",34242312.48,Industrials,2665300,US6914973093,New York Stock Exchange Inc.
PGNX,PROGENICS PHARMACEUTICALS INC.,Equity,0.1001,10.62,2801750,"$29,754,585",29754585,Industrials,2152501,US7431871067,NASDAQ
PKY,PARKWAY INC,Equity,0.126,21.58,1734704,"$37,434,912",37434912.32,Industrials,BDCVWT4,US70156Q1076,New York Stock Exchange Inc.
PLUS,EPLUS INC.,Equity,0.1101,121.8,268739,"$32,732,410",32732410.2,Industrials,2597748,US2942681071,NASDAQ
PMC,PHARMERICA CORP.,Equity,0.1115,26.3,1259754,"$33,131,530",33131530.2,Industrials,B23CN96,US71714F1049,New York Stock Exchange Inc.
QSII,QUALITY SYSTEMS INC.,Equity,0.0981,15.58,1870755,"$29,146,363",29146362.9,Industrials,2715391,US7475821044,NASDAQ
RGR,STURM RUGER INC CO,Equity,0.1288,49.7,770018,"$38,269,895",38269894.6,Industrials,2856289,US8641591081,New York Stock Exchange Inc.
SAFT,SAFETY INSURANCE GROUP INC.,Equity,0.1029,73.15,418198,"$30,591,184",30591183.7,Industrials,2958538,US78648T1007,NASDAQ
SBSI,SOUTHSIDE BANCSHARES INC.,Equity,0.128,35.7,1065773,"$38,048,096",38048096.1,Industrials,2485876,US84470P1093,NASDAQ
SHLM,A. SCHULMAN INC.,Equity,0.1352,33.75,1190282,"$40,172,018",40172017.5,Industrials,2779342,US8081941044,NASDAQ
SMCI,SUPER MICRO COMPUTER INC.,Equity,0.1382,27.05,1517976,"$41,061,251",41061250.8,Industrials,B1VQR35,US86800U1043,NASDAQ
SMP,STANDARD MOTOR PRODUCTS INC.,Equity,0.1333,48.57,815463,"$39,607,038",39607037.91,Industrials,2838306,US8536661056,New York Stock Exchange Inc.
SPSC,SPS COMMERCE INC.,Equity,0.1262,54.58,687023,"$37,497,715",37497715.34,Industrials,B57VWJ3,US78463M1071,NASDAQ
STRA,STRAYER EDUCATION INC.,Equity,0.1128,79.05,424049,"$33,521,073",33521073.45,Industrials,2853417,US8632361056,NASDAQ
TMST,TIMKENSTEEL CORP,Equity,0.1031,19.88,1541801,"$30,651,004",30651003.88,Industrials,BNBPMX1,US8873991033,New York Stock Exchange Inc.
TREE,LENDINGTREE INC,Equity,0.1104,112.95,290494,"$32,811,297",32811297.3,Industrials,BV8TD84,US52603B1070,NASDAQ
TRST,TRUSTCO BANK CORP.,Equity,0.1103,8.5,3855565,"$32,772,303",32772302.5,Industrials,2906429,US8983491056,NASDAQ
TVTY,TIVITY HEALTH INC,Equity,0.1183,26.6,1322129,"$35,168,631",35168631.4,Industrials,BD8Q1B8,US88870R1023,NASDAQ
TYPE,MONOTYPE IMAGING HOLDINGS INC.,Equity,0.1217,21.4,1689756,"$36,160,778",36160778.4,Industrials,B1YWR85,US61022P1003,NASDAQ
UFCS,UNITED FIRE GROUP INC,Equity,0.1061,41.32,763132,"$31,532,614",31532614.24,Industrials,B4WXG84,US9103401082,NASDAQ
USCR,U.S. CONCRETE INC.,Equity,0.1213,62.45,577319,"$36,053,572",36053571.55,Industrials,B4M8043,US90333L2016,NASDAQ
USPH,U.S. PHYSICAL THERAPY INC.,Equity,0.1257,74.1,504350,"$37,372,335",37372335,Industrials,2911166,US90337L1089,New York Stock Exchange Inc.
UVE,UNIVERSAL INSURANCE HOLDINGS INC,Equity,0.1156,26.05,1318480,"$34,346,404",34346404,Industrials,2912374,US91359V1070,New York Stock Exchange Inc.
VASC,VASCULAR SOLUTIONS INC.,Equity,0.1346,56,714114,"$39,990,384",39990384,Industrials,2504061,US92231M1099,NASDAQ
VRTS,VIRTUS INVESTMENT PARTNERS INC.,Equity,0.0981,110.9,262995,"$29,166,146",29166145.5,Industrials,B3KKGQ8,US92828Q1094,NASDAQ
VRTU,VIRTUSA CORP,Equity,0.1075,28.5,1120918,"$31,946,163",31946163,Industrials,B1YWRN0,US92827P1021,NASDAQ
VVI,VIAD CORP.,Equity,0.1306,47.25,821678,"$38,824,286",38824285.5,Industrials,B01KGF5,US92552R4065,New York Stock Exchange Inc.
WGO,WINNEBAGO INDUSTRIES INC.,Equity,0.1215,34.35,1051624,"$36,123,284",36123284.4,Industrials,2972721,US9746371007,New York Stock Exchange Inc.
WING,WINGSTOP INC,Equity,0.1111,28.36,1164764,"$33,032,707",33032707.04,Industrials,BYYXHN4,US9741551033,NASDAQ
WIRE,ENCORE WIRE CORP.,Equity,0.1364,47.85,846877,"$40,523,064",40523064.45,Industrials,2273446,US2925621052,NASDAQ
WWE,WORLD WRESTLING ENTERTAINMENT INC,Equity,0.1158,22.14,1553824,"$34,401,663",34401663.36,Industrials,2503529,US98156Q1085,New York Stock Exchange Inc.
ACET,ACETO CORP.,Equity,0.0655,15.71,1239489,"$19,466,175",19466174.75,Information Technology,2004709,US0044461004,NASDAQ
AFAM,ALMOST FAMILY INC.,Equity,0.0752,48.15,464130,"$22,347,860",22347859.5,Information Technology,2796448,US0204091088,NASDAQ
AMPH,AMPHASTAR PHARMACEUTICALS INC,Equity,0.0898,18.4,1450495,"$26,689,108",26689108,Information Technology,BNFWZS4,US03209R1032,NASDAQ
ANGO,ANGIODYNAMICS INC.,Equity,0.0712,16.53,1280489,"$21,166,483",21166483.17,Information Technology,B00CR04,US03475V1017,NASDAQ
ANIP,ANI PHARMACEUTICALS INC,Equity,0.0703,65.26,320009,"$20,883,787",20883787.34,Information Technology,BCDWBX6,US00182C1036,NASDAQ
AVAV,AEROVIRONMENT INC.,Equity,0.0759,26.97,836011,"$22,547,217",22547216.67,Information Technology,B1P5YY8,US0080731088,NASDAQ
BCOR,BLUCORA INC,Equity,0.083,15.9,1551723,"$24,672,396",24672395.7,Information Technology,B8L2DV2,US0952291005,NASDAQ
BH,BIGLARI HOLDINGS INC.,Equity,0.0624,439.99,42117,"$18,531,059",18531058.83,Information Technology,2843430,US08986R1014,New York Stock Exchange Inc.
BKE,BUCKLE INC.,Equity,0.0802,20.85,1143066,"$23,832,926",23832926.1,Information Technology,2149934,US1184401065,New York Stock Exchange Inc.
BKS,BARNES & NOBLE INC.,Equity,0.0797,10.5,2256472,"$23,692,956",23692956,Information Technology,2081144,US0677741094,New York Stock Exchange Inc.
BRS,BRISTOW GROUP INC.,Equity,0.0741,17.06,1290442,"$22,014,941",22014940.52,Information Technology,2656229,US1103941035,New York Stock Exchange Inc.
CAMP,CALAMP CORP.,Equity,0.0766,15.49,1469796,"$22,767,140",22767140.04,Information Technology,2164700,US1281261099,NASDAQ
CATO,CATO CORP. CL A,Equity,0.0914,26.55,1022735,"$27,153,614",27153614.25,Information Technology,2180438,US1492051065,New York Stock Exchange Inc.
CCRN,CROSS COUNTRY HEALTHCARE INC.,Equity,0.0713,15.6,1358374,"$21,190,634",21190634.4,Information Technology,2809056,US2274831047,NASDAQ
CECO,CAREER EDUCATION CORP.,Equity,0.0832,9.34,2646824,"$24,721,336",24721336.16,Information Technology,2143646,US1416651099,NASDAQ
CHUY,CHUYS HOLDINGS INC,Equity,0.0695,30.15,685372,"$20,663,966",20663965.8,Information Technology,B88WMY1,US1716041017,NASDAQ
CROX,CROCS INC.,Equity,0.0695,6.98,2960261,"$20,662,622",20662621.78,Information Technology,B0T7Z62,US2270461096,NASDAQ
CRY,CRYOLIFE INC.,Equity,0.0639,17.25,1100740,"$18,987,765",18987765,Information Technology,2239017,US2289031005,New York Stock Exchange Inc.
DCOM,DIME COMMUNITY BANCSHARES,Equity,0.0919,21.7,1259135,"$27,323,230",27323229.5,Information Technology,2034148,US2539221083,NASDAQ
DFIN,DONNELLEY FINANCIAL SOLUTIONS INC,Equity,0.089,24.67,1072142,"$26,449,743",26449743.14,Information Technology,BYND5T7,US25787G1004,New York Stock Exchange Inc.
DPLO,DIPLOMAT PHARMACY INC,Equity,0.0856,14.55,1748532,"$25,441,141",25441140.6,Information Technology,BRB38H9,US25456K1016,New York Stock Exchange Inc.
DXPE,DXP ENTERPRISES INC.,Equity,0.0774,37.1,620130,"$23,006,823",23006823,Information Technology,2276627,US2333774071,NASDAQ
ECHO,ECHO GLOBAL LOGISTICS INC,Equity,0.0885,23.45,1121121,"$26,290,287",26290287.45,Information Technology,B4M7GZ3,US27875T1016,NASDAQ
ECPG,ENCORE CAPITAL GROUP INC.,Equity,0.0885,33.85,777386,"$26,314,516",26314516.1,Information Technology,2443078,US2925541029,NASDAQ
EGL,ENGILITY HOLDINGS INC,Equity,0.0755,31.16,720002,"$22,435,262",22435262.32,Information Technology,BVWVSS1,US29286C1071,New York Stock Exchange Inc.
EGRX,EAGLE PHARMACEUTICALS INC,Equity,0.0779,74.12,312370,"$23,152,864",23152864.4,Information Technology,BJH7VB4,US2697961082,NASDAQ
EXAR,EXAR CORP,Equity,0.0653,11.21,1732437,"$19,420,619",19420618.77,Information Technology,2325206,US3006451088,New York Stock Exchange Inc.
EZPW,EZCORP INC. CL A,Equity,0.0619,9.15,2009509,"$18,387,007",18387007.35,Information Technology,2326287,US3023011063,NASDAQ
FARO,FARO TECHNOLOGIES INC.,Equity,0.0872,38.3,676524,"$25,910,869",25910869.2,Information Technology,2106661,US3116421021,NASDAQ
FRED,FREDS INC.,Equity,0.0774,17.68,1301361,"$23,008,062",23008062.48,Information Technology,2354385,US3561081007,NASDAQ
FTK,FLOTEK INDUSTRIES INC.,Equity,0.09,12.46,2145988,"$26,739,010",26739010.48,Information Technology,2816551,US3433891021,New York Stock Exchange Inc.
GNCMA,GENERAL COMMUNICATION INC. CL A,Equity,0.0722,19.88,1079831,"$21,467,040",21467040.28,Information Technology,2365019,US3693851095,NASDAQ
HAYN,HAYNES INTERNATIONAL INC.,Equity,0.0723,41.83,513795,"$21,492,045",21492044.85,Information Technology,B02WVH7,US4208772016,NASDAQ
HIBB,HIBBETT SPORTS INC.,Equity,0.0912,29.7,913060,"$27,117,882",27117882,Information Technology,2428376,US4285671016,NASDAQ
HMST,HOMESTREET INC.,Equity,0.0912,26.75,1013360,"$27,107,380",27107380,Information Technology,B4WHS46,US43785V1026,NASDAQ
HSTM,HEALTHSTREAM INC.,Equity,0.0804,23.18,1031001,"$23,898,603",23898603.18,Information Technology,2577870,US42222N1037,NASDAQ
HWKN,HAWKINS INC.,Equity,0.0653,50.05,387684,"$19,403,584",19403584.2,Information Technology,2415594,US4202611095,NASDAQ
HZO,MARINEMAX INC,Equity,0.0763,22.7,998648,"$22,669,310",22669309.6,Information Technology,2250353,US5679081084,New York Stock Exchange Inc.
ICON,ICONIX BRAND GROUP INC.,Equity,0.0719,9.31,2296712,"$21,382,389",21382388.72,Information Technology,2175575,US4510551074,NASDAQ
IIIN,INSTEEL INDUSTRIES INC.,Equity,0.0883,37.46,700867,"$26,254,478",26254477.82,Information Technology,2325875,US45774W1080,NASDAQ
INTL,INTL FCSTONE INC.,Equity,0.076,36.91,612101,"$22,592,648",22592647.91,Information Technology,2456441,US46116V1052,NASDAQ
IPAR,INTER PARFUMS INC.,Equity,0.0838,35.4,703882,"$24,917,423",24917422.8,Information Technology,2473150,US4583341098,NASDAQ
ITG,INVESTMENT TECHNOLOGY GROUP INC.,Equity,0.062,20.04,918804,"$18,412,832",18412832.16,Information Technology,2472759,US46145F1057,New York Stock Exchange Inc.
KELYA,KELLY SERVICES INC. CL A,Equity,0.0892,21.99,1205933,"$26,518,467",26518466.67,Information Technology,2487117,US4881522084,NASDAQ
KND,KINDRED HEALTHCARE INC.,Equity,0.0848,7.25,3475352,"$25,196,302",25196302,Information Technology,2752677,US4945801037,New York Stock Exchange Inc.
LCI,LANNETT COMPANY INC,Equity,0.0901,22.4,1195108,"$26,770,419",26770419.2,Information Technology,2447694,US5160121019,New York Stock Exchange Inc.
LDR,LANDAUER INC.,Equity,0.0684,51,398377,"$20,317,227",20317227,Information Technology,2879714,US51476K1034,New York Stock Exchange Inc.
LGIH,LGI HOMES INC,Equity,0.0672,28.86,691791,"$19,965,088",19965088.26,Information Technology,BG3G1B4,US50187T1060,NASDAQ
LION,FIDELITY SOUTHERN CORP.,Equity,0.0696,24.02,860810,"$20,676,656",20676656.2,Information Technology,2348429,US3163941053,NASDAQ
MCS,MARCUS CORP.,Equity,0.0784,29.85,780453,"$23,296,522",23296522.05,Information Technology,2564827,US5663301068,New York Stock Exchange Inc.
MED,MEDIFAST INC.,Equity,0.0689,45.07,454426,"$20,480,980",20480979.82,Information Technology,2934033,US58470H1014,New York Stock Exchange Inc.
MHO,M/I HOMES INC.,Equity,0.0799,23.55,1008653,"$23,753,778",23753778.15,Information Technology,2549385,US55305B1017,New York Stock Exchange Inc.
MPAA,MOTORCAR PARTS OF AMERICA INC.,Equity,0.0742,28.99,760363,"$22,042,923",22042923.37,Information Technology,2861993,US6200711009,NASDAQ
MRTN,MARTEN TRANSPORT LTD.,Equity,0.0754,23.9,937067,"$22,395,901",22395901.3,Information Technology,2568357,US5730751089,NASDAQ
MTRX,MATRIX SERVICE CO.,Equity,0.0626,17.25,1077926,"$18,594,224",18594223.5,Information Technology,2572068,US5768531056,NASDAQ
MYRG,MYR GROUP INC.,Equity,0.0857,38.56,660287,"$25,460,667",25460666.72,Information Technology,B3CLS18,US55405W1045,NASDAQ
NILE,BLUE NILE INC.,Equity,0.0661,40.75,482256,"$19,651,932",19651932,Information Technology,B00G5P7,US09578R1032,NASDAQ
NLS,NAUTILUS INC.,Equity,0.0731,17.4,1248242,"$21,719,411",21719410.8,Information Technology,2415936,US63910B1026,New York Stock Exchange Inc.
NPK,NATIONAL PRESTO INDUSTRIES INC.,Equity,0.0762,111.25,203564,"$22,646,495",22646495,Information Technology,2626802,US6372151042,New York Stock Exchange Inc.
NR,NEWPARK RESOURCES INC.,Equity,0.0869,7.5,3442760,"$25,820,700",25820700,Information Technology,2636878,US6517185046,New York Stock Exchange Inc.
NX,QUANEX BUILDING PRODUCTS CORP.,Equity,0.0914,19.25,1410868,"$27,159,209",27159209,Information Technology,B2QXCJ9,US7476191041,New York Stock Exchange Inc.
OFG,OFG BANCORP.,Equity,0.0817,13.45,1805181,"$24,279,684",24279684.45,Information Technology,B87LKR8,PR67103X1020,New York Stock Exchange Inc.
ORIT,ORITANI FINANCIAL CORP.,Equity,0.09,17.25,1550331,"$26,743,210",26743209.75,Information Technology,B3SLD95,US68633D1037,NASDAQ
PAHC,PHIBRO ANIMAL HEALTH CORP CLASS A,Equity,0.0743,29.15,757872,"$22,091,969",22091968.8,Information Technology,BL95N25,US71742Q1067,NASDAQ
PGTI,PGT INNOVATIONS INC,Equity,0.0769,11.4,2004070,"$22,846,398",22846398,Information Technology,B17V2N9,US69336V1017,New York Stock Exchange Inc.
PRFT,PERFICIENT INC.,Equity,0.09,18.29,1461966,"$26,739,358",26739358.14,Information Technology,2442547,US71375U1016,NASDAQ
PRSC,PROVIDENCE SERVICE CORP,Equity,0.0683,40.89,496470,"$20,300,658",20300658.3,Information Technology,2918576,US7438151026,NASDAQ
RECN,RESOURCES CONNECTION INC.,Equity,0.069,16.9,1212877,"$20,497,621",20497621.3,Information Technology,2697853,US76122Q1058,NASDAQ
REX,REX AMERICAN RESOURCES CORP.,Equity,0.0642,84.2,226611,"$19,080,646",19080646.2,Information Technology,2063670,US7616241052,New York Stock Exchange Inc.
RRGB,RED ROBIN GOURMET BURGERS INC.,Equity,0.0849,47.8,527705,"$25,224,299",25224299,Information Technology,2966144,US75689M1018,NASDAQ
RTEC,RUDOLPH TECHNOLOGIES INC,Equity,0.0917,21.65,1259238,"$27,262,503",27262502.7,Information Technology,2518415,US7812701032,New York Stock Exchange Inc.
RUTH,RUTHS HOSPITALITY GROUP INC.,Equity,0.0716,17.55,1212127,"$21,272,829",21272828.85,Information Technology,B0G4KC7,US7833321091,NASDAQ
RYAM,RAYONIER ADVANCED MATERIALS INC,Equity,0.0762,12.81,1767990,"$22,647,952",22647951.9,Information Technology,BN458W9,US75508B1044,New York Stock Exchange Inc.
SAH,SONIC AUTOMOTIVE INC. CL A,Equity,0.0852,23.75,1066083,"$25,319,471",25319471.25,Information Technology,2125246,US83545G1022,New York Stock Exchange Inc.
SCLN,SCICLONE PHARMACEUTICALS INC.,Equity,0.0681,9.75,2074922,"$20,230,490",20230489.5,Information Technology,2779579,US80862K1043,NASDAQ
SHAK,SHAKE SHACK INC CLASS A,Equity,0.0906,37.21,723724,"$26,929,770",26929770.04,Information Technology,BV0LCR0,US8190471016,New York Stock Exchange Inc.
SUP,SUPERIOR INDUSTRIES INTERNATIONAL,Equity,0.0724,23,935081,"$21,506,863",21506863,Information Technology,2864141,US8681681057,New York Stock Exchange Inc.
SXC,SUNCOKE ENERGY INC.,Equity,0.0885,9.99,2632151,"$26,295,188",26295188.49,Information Technology,B3R0638,US86722A1034,New York Stock Exchange Inc.
TG,TREDEGAR CORP.,Equity,0.0775,22.45,1026225,"$23,038,751",23038751.25,Information Technology,2903345,US8946501009,New York Stock Exchange Inc.
TTEC,TELETECH HOLDINGS INC.,Equity,0.065,30,643643,"$19,309,290",19309290,Information Technology,2892885,US8799391060,NASDAQ
TTI,TETRA TECHNOLOGIES INC.,Equity,0.073,4.6,4714359,"$21,686,051",21686051.4,Information Technology,2884280,US88162F1057,New York Stock Exchange Inc.
TTS,TILE SHOP HOLDINGS INC,Equity,0.0793,17.7,1330694,"$23,553,284",23553283.8,Information Technology,B8394K7,US88677Q1094,NASDAQ
TWI,TITAN INTERNATIONAL INC,Equity,0.0817,13.56,1790091,"$24,273,634",24273633.96,Information Technology,2890265,US88830M1027,New York Stock Exchange Inc.
UBA,URSTADT BIDDLE PROPERTIES REIT CLA,Equity,0.0638,22.23,853542,"$18,974,239",18974238.66,Information Technology,2256522,US9172862057,New York Stock Exchange Inc.
UHT,UNIVERSAL HEALTH REALTY INCOME TRU,Equity,0.0641,63.51,299844,"$19,043,092",19043092.44,Information Technology,2927497,US91359E1055,New York Stock Exchange Inc.
UTEK,ULTRATECH INC.,Equity,0.0911,28.76,941622,"$27,081,049",27081048.72,Information Technology,2907217,US9040341052,NASDAQ
VIVO,MERIDIAN BIOSCIENCE INC.,Equity,0.0739,12.75,1722186,"$21,957,872",21957871.5,Information Technology,2580265,US5895841014,NASDAQ
VRTV,VERITIV CORP,Equity,0.0715,55.6,382317,"$21,256,825",21256825.2,Information Technology,BNBKSP0,US9234541020,New York Stock Exchange Inc.
VSI,VITAMIN SHOPPE INC.,Equity,0.0716,21.8,976603,"$21,289,945",21289945.4,Information Technology,B55C7L5,US92849E1010,New York Stock Exchange Inc.
XOXO,XO GROUP INC.,Equity,0.064,18.63,1020248,"$19,007,220",19007220.24,Information Technology,2526991,US9837721045,New York Stock Exchange Inc.
AMRI,ALBANY MOLECULAR RESEARCH INC.,Equity,0.0563,18.61,898503,"$16,721,141",16721140.83,Materials,2385471,US0124231095,NASDAQ
APEI,AMERICAN PUBLIC EDUCATION INC,Equity,0.0534,24.4,650113,"$15,862,757",15862757.2,Materials,B292GM4,US02913V1035,NASDAQ
AVD,AMERICAN VANGUARD CORP.,Equity,0.0587,16.65,1046977,"$17,432,167",17432167.05,Materials,2025711,US0303711081,New York Stock Exchange Inc.
BBG,BILL BARRETT CORP.,Equity,0.0601,5.86,3050350,"$17,875,051",17875051,Materials,B04M3T1,US06846N1046,New York Stock Exchange Inc.
BKMU,BANK MUTUAL CORP.,Equity,0.0579,9.85,1747808,"$17,215,909",17215908.8,Materials,2734921,US0637501034,NASDAQ
BNED,BARNES AND NOBLE EDUCATION INC,Equity,0.0542,10.15,1586272,"$16,100,661",16100660.8,Materials,BYQDT70,US06777U1016,New York Stock Exchange Inc.
CDR,CEDAR REALTY TRUST INC,Equity,0.0553,6.06,2711939,"$16,434,350",16434350.34,Materials,2033242,US1506022094,New York Stock Exchange Inc.
CENT,CENTRAL GARDEN & PET CO.,Equity,0.0486,35.55,406524,"$14,451,928",14451928.2,Materials,2183868,US1535271068,NASDAQ
CLD,CLOUD PEAK ENERGY INC.,Equity,0.0488,5.82,2493144,"$14,510,098",14510098.08,Materials,B57LN89,US18911Q1022,New York Stock Exchange Inc.
COHU,COHU INC.,Equity,0.0551,15.72,1040864,"$16,362,382",16362382.08,Materials,2208426,US1925761066,NASDAQ
CRVL,CORVEL CORP.,Equity,0.0566,40.6,414251,"$16,818,591",16818590.6,Materials,2347277,US2210061097,NASDAQ
DAKT,DAKTRONICS INC.,Equity,0.0564,10.11,1657062,"$16,752,897",16752896.82,Materials,2254010,US2342641097,NASDAQ
DGII,DIGI INTERNATIONAL INC.,Equity,0.0478,13.05,1087390,"$14,190,440",14190439.5,Materials,2269661,US2537981027,NASDAQ
ENTA,ENANTA PHARMACEUTICALS INC,Equity,0.0549,29.17,559811,"$16,329,687",16329686.87,Materials,B9L5200,US29251M1062,NASDAQ
ENVA,ENOVA INTERNATIONAL INC,Equity,0.0482,14.8,968188,"$14,329,182",14329182.4,Materials,BRYQ4L1,US29357K1034,New York Stock Exchange Inc.
FORR,FORRESTER RESEARCH INC.,Equity,0.053,37.8,416534,"$15,744,985",15744985.2,Materials,2398855,US3465631097,NASDAQ
FTD,FTD COMPANIES INC,Equity,0.0569,23.8,709892,"$16,895,430",16895429.6,Materials,BFLR7Y7,US30281V1089,NASDAQ
HLIT,HARMONIC INC.,Equity,0.061,5.7,3182729,"$18,141,555",18141555.3,Materials,2510659,US4131601027,NASDAQ
HSII,HEIDRICK & STRUGGLES INTERNATIONAL,Equity,0.0563,21.8,767253,"$16,726,115",16726115.4,Materials,2413071,US4228191023,NASDAQ
HVT,HAVERTY FURNITURE COS. INC.,Equity,0.0596,22.55,784949,"$17,700,600",17700599.95,Materials,2414245,US4195961010,New York Stock Exchange Inc.
IVC,INVACARE CORP.,Equity,0.0527,12.05,1298569,"$15,647,756",15647756.45,Materials,2467971,US4612031017,New York Stock Exchange Inc.
LL,LUMBER LIQUIDATORS HOLDINGS INC.,Equity,0.0577,15.36,1115953,"$17,141,038",17141038.08,Materials,B5KKQN9,US55003T1079,New York Stock Exchange Inc.
LMOS,LUMOS NETWORKS CORP,Equity,0.0498,15.23,970837,"$14,785,848",14785847.51,Materials,B74WVF2,US5502831051,NASDAQ
LPSN,LIVEPERSON INC,Equity,0.0508,7.05,2140652,"$15,091,597",15091596.6,Materials,2577052,US5381461012,NASDAQ
MOV,MOVADO GROUP INC.,Equity,0.0541,25.75,624343,"$16,076,832",16076832.25,Materials,2643168,US6245801062,New York Stock Exchange Inc.
OPB,OPUS BANK,Equity,0.0541,21.9,734285,"$16,080,842",16080841.5,Materials,BLNMST4,US6840001027,NASDAQ
PES,PIONEER ENERGY SERVICES CORP,Equity,0.061,5.95,3047822,"$18,134,541",18134540.9,Materials,B68D808,US7236641087,New York Stock Exchange Inc.
PETS,PETMED EXPRESS INC.,Equity,0.06,21.19,841522,"$17,831,851",17831851.18,Materials,2143099,US7163821066,NASDAQ
PKE,PARK ELECTROCHEMICAL CORP.,Equity,0.0496,19.03,774345,"$14,735,785",14735785.35,Materials,2671307,US7004162092,New York Stock Exchange Inc.
RCII,RENT-A-CENTER INC.,Equity,0.0602,8.2,2181228,"$17,886,070",17886069.6,Materials,2733092,US76009N1000,NASDAQ
RGS,REGIS CORP.,Equity,0.0617,12.58,1457508,"$18,335,451",18335450.64,Materials,2730327,US7589321071,New York Stock Exchange Inc.
SPOK,SPOK HOLDINGS INC,Equity,0.0509,19.1,791223,"$15,112,359",15112359.3,Materials,BNZB473,US84863T1060,NASDAQ
SPPI,SPECTRUM PHARMACEUTICALS INC.,Equity,0.0535,5.91,2691053,"$15,904,123",15904123.23,Materials,2982924,US84763A1088,NASDAQ
SRDX,SURMODICS INC.,Equity,0.0466,24.8,558779,"$13,857,719",13857719.2,Materials,2502678,US8688731004,NASDAQ
TESO,TESCO CORP,Equity,0.0546,8.4,1930952,"$16,219,997",16219996.8,Materials,2237022,CA88157K1012,NASDAQ
UFI,UNIFI INC.,Equity,0.0587,28.03,622331,"$17,443,938",17443937.93,Materials,2911865,US9046772003,New York Stock Exchange Inc.
VDSI,VASCO DATA SECURITY INTERNATIONAL,Equity,0.0562,13.4,1245378,"$16,688,065",16688065.2,Materials,2245229,US92230Y1047,NASDAQ
ZUMZ,ZUMIEZ INC.,Equity,0.049,20.25,719760,"$14,575,140",14575140,Materials,B081QB7,US9898171015,NASDAQ
ACAT,ARCTIC CAT INC.,Equity,0.0329,18.55,526679,"$9,769,895",9769895.45,Real Estate,2047500,US0396701049,NASDAQ
BELFB,BEL FUSE INC. CL B,Equity,0.0368,29.9,365565,"$10,930,394",10930393.5,Real Estate,2279897,US0773473006,NASDAQ
BGFV,BIG 5 SPORTING GOODS CORP.,Equity,0.0333,13.4,738859,"$9,900,711",9900710.6,Real Estate,2958646,US08915P1012,NASDAQ
CGI,CELADON GROUP INC.,Equity,0.0348,9,1149679,"$10,347,111",10347111,Real Estate,2184195,US1508381001,New York Stock Exchange Inc.
CMTL,COMTECH TELECOMMUNICATIONS CORP.,Equity,0.0374,11.62,955759,"$11,105,920",11105919.58,Real Estate,2215341,US2058262096,NASDAQ
CPSI,COMPUTER PROGRAMS & SYSTEMS INC.,Equity,0.0399,26.4,448577,"$11,842,433",11842432.8,Real Estate,2872122,US2053061030,NASDAQ
CRR,CARBO CERAMICS INC.,Equity,0.0436,15.19,852524,"$12,949,840",12949839.56,Real Estate,2238821,US1407811058,New York Stock Exchange Inc.
DHX,DHI GROUP INC,Equity,0.037,5.4,2037270,"$11,001,258",11001258,Real Estate,BWX70S9,US23331S1006,New York Stock Exchange Inc.
DSPG,DSP GROUP INC.,Equity,0.0316,10.5,893013,"$9,376,637",9376636.5,Real Estate,2275680,US23332B1061,NASDAQ
ERA,ERA GROUP INC.,Equity,0.0399,14.8,801377,"$11,860,380",11860379.6,Real Estate,B8KM2D8,US26885G1094,New York Stock Exchange Inc.
ESIO,ELECTRO SCIENTIFIC INDUSTRIES INC.,Equity,0.032,6.78,1400355,"$9,494,407",9494406.9,Real Estate,2310440,US2852291002,NASDAQ
FF,FUTUREFUEL CORP.,Equity,0.0418,13.28,936348,"$12,434,701",12434701.44,Real Estate,B3BBRD4,US36116M1062,New York Stock Exchange Inc.
FOR,FORESTAR GROUP INC.,Equity,0.045,13.05,1024409,"$13,368,537",13368537.45,Real Estate,B29YGD1,US3462331097,New York Stock Exchange Inc.
GEOS,GEOSPACE TECHNOLOGIES CORP,Equity,0.0355,18.88,558360,"$10,541,837",10541836.8,Real Estate,B89MJ94,US37364X1090,NASDAQ
HCI,HCI GROUP INC,Equity,0.0441,43.9,298641,"$13,110,340",13110339.9,Real Estate,BBN23F5,US40416E1038,New York Stock Exchange Inc.
KOPN,KOPIN CORP.,Equity,0.0306,3.53,2575744,"$9,092,376",9092376.32,Real Estate,2492412,US5006001011,NASDAQ
LOCO,EL POLLO LOCO INC,Equity,0.0403,13.4,894311,"$11,983,767",11983767.4,Real Estate,BP857F5,US2686031079,NASDAQ
MCRI,MONARCH CASINO & RESORT INC.,Equity,0.0367,23.89,455950,"$10,892,646",10892645.5,Real Estate,2599197,US6090271072,NASDAQ
MYE,MYERS INDUSTRIES INC.,Equity,0.0437,14,927652,"$12,987,128",12987128,Real Estate,2613086,US6284641098,New York Stock Exchange Inc.
ORN,ORION GROUP INC,Equity,0.0381,9.93,1138743,"$11,307,718",11307717.99,Real Estate,B1WTHL1,US68628V3087,New York Stock Exchange Inc.
PERY,PERRY ELLIS INTERNATIONAL INC.,Equity,0.0379,22.93,491540,"$11,271,012",11271012.2,Real Estate,2851701,US2888531041,NASDAQ
POWL,POWELL INDUSTRIES INC.,Equity,0.0414,34.12,360654,"$12,305,514",12305514.48,Real Estate,2697422,US7391281067,NASDAQ
QHC,QUORUM HEALTH CORP,Equity,0.0345,8.16,1254830,"$10,239,413",10239412.8,Real Estate,BYXT6Y7,US74909E1064,New York Stock Exchange Inc.
RRTS,ROADRUNNER TRANSPORTATION SYSTEMS,Equity,0.0314,7.25,1287081,"$9,331,337",9331337.25,Real Estate,B3W9403,US76973Q1058,New York Stock Exchange Inc.
SCVL,SHOE CARNIVAL INC.,Equity,0.0459,25.32,538774,"$13,641,758",13641757.68,Real Estate,2805474,US8248891090,NASDAQ
SENEA,SENECA FOODS CORP. CL A,Equity,0.0325,37.35,258802,"$9,666,255",9666254.7,Real Estate,2781626,US8170705011,NASDAQ
UIHC,UNITED INSURANCE HOLDINGS CORP.,Equity,0.0365,15.95,679636,"$10,840,194",10840194.2,Real Estate,B292PW7,US9107101027,NASDAQ
VICR,VICOR CORP.,Equity,0.0344,15.1,677210,"$10,225,871",10225871,Real Estate,2930774,US9258151029,NASDAQ
WRLD,WORLD ACCEPTANCE CORP.,Equity,0.0439,53.68,243025,"$13,045,582",13045582,Real Estate,2981181,US9814191048,NASDAQ
ZEUS,OLYMPIC STEEL INC.,Equity,0.0319,25.19,376523,"$9,484,614",9484614.37,Real Estate,2659013,US68162K1060,NASDAQ
AGYS,AGILYSYS INC.,Equity,0.021,9.58,651841,"$6,244,637",6244636.78,Telecommunications,2689162,US00847J1051,NASDAQ
EHTH,EHEALTH INC.,Equity,0.0259,11.16,688348,"$7,681,964",7681963.68,Telecommunications,B1G0F83,US28238P1093,NASDAQ
GIFI,GULF ISLAND FABRICATION INC.,Equity,0.0259,13.15,584248,"$7,682,861",7682861.2,Telecommunications,2412636,US4023071024,NASDAQ
KIRK,KIRKLANDS INC.,Equity,0.0226,11.4,589463,"$6,719,878",6719878.2,Telecommunications,2960920,US4974981056,NASDAQ
LQDT,LIQUIDITY SERVICES INC.,Equity,0.0286,8.5,1001106,"$8,509,401",8509401,Telecommunications,B0ZN8Z4,US53635B1070,NASDAQ
LXU,LSB INDUSTRIES INC.,Equity,0.0275,9.48,862788,"$8,179,230",8179230.24,Telecommunications,2536882,US5021601043,New York Stock Exchange Inc.
MCF,CONTANGO OIL AND GAS,Equity,0.028,8.84,942027,"$8,327,519",8327518.68,Telecommunications,2752945,US21075N2045,Nyse Mkt Llc
TUES,TUESDAY MORNING CORP.,Equity,0.025,4,1853858,"$7,415,432",7415432,Telecommunications,2411440,US8990355054,NASDAQ
BBOX,BLACK BOX CORP.,Equity,0.02,9.65,615931,"$5,943,734",5943734.15,Utilities,2546977,US0918261076,NASDAQ
CDI,CDI CORP.,Equity,0.0174,8.9,581440,"$5,174,816",5174816,Utilities,2181129,US1250711009,New York Stock Exchange Inc.
CLMS,CALAMOS ASSET MANAGEMENT INC. SHS,Equity,0.0189,8.24,680499,"$5,607,312",5607311.76,Utilities,B02J6B7,US12811R1041,NASDAQ
HT,HERSHA HOSPITALITY TRUST CLASS A,Equity,0.0186,20.84,265655,"$5,536,250",5536250.2,Utilities,BYYTSK6,US4278255009,New York Stock Exchange Inc.
NOG,NORTHERN OIL AND GAS INC,Equity,0.0195,3.15,1842171,"$5,802,839",5802838.65,Utilities,B0WRP81,US6655311099,Nyse Mkt Llc
QNST,QUINSTREET INC.,Equity,0.0165,3.33,1474249,"$4,909,249",4909249.17,Utilities,B3PGPB9,US74874Q1004,NASDAQ
RT,RUBY TUESDAY INC.,Equity,0.0168,1.92,2593535,"$4,979,587",4979587.2,Utilities,2757616,US7811821005,New York Stock Exchange Inc.
TNGO,TANGOE INC.,Equity,0.0204,6.03,1004945,"$6,059,818",6059818.35,Utilities,B3P4WX4,US87582Y1082,NASDAQ
,,,,,,,,,,,
ADPT,ADEPTUS HEALTH INC CLASS A,Equity,0.0155,7.51,614843,"$4,617,471",4617470.93,,BNBPLY5,US0068551003,New York Stock Exchange Inc.
CRAY,CRAY INC.,Equity,0.0004,21.3,5122,"$109,099",109098.6,,B16NWY7,US2252233042,NASDAQ
FNBC,FIRST NBC BANK HOLDING,Equity,0.0117,4.75,729555,"$3,465,386",3465386.25,,B8W67N3,US32115D1063,NASDAQ
GRB,GERBER SCIENTIFIC ESCROW,Equity,0,0.01,349019,"$3,490",3490.19,,2BVFC92,US37373ESC56,New York Stock Exchange Inc.
HOS,HORNBECK OFFSHORE SERVICES INC.,Equity,0.0159,4.66,1014323,"$4,726,745",4726745.18,,B00G814,US4405431069,New York Stock Exchange Inc.
MSFUT,CASH COLLATERAL MSFUT USD,Cash Collateral and Margins,0.008,100,2362000,"$2,362,000",2362000,,-,-,-
RTAH7,RUSSELL 2000 EMINI ICE MAR 17,Futures,0,1397.6,644,$0,45002720,,-,-,Ice Futures U.S.
SMRT,STEIN MART INC.,Equity,0.016,3.64,1307140,"$4,757,990",4757989.6,,2844422,US8583751081,NASDAQ
TDW,TIDEWATER INC.,Equity,0.0088,1.38,1892690,"$2,611,912",2611912.2,,2891859,US8864231027,New York Stock Exchange Inc.
USD,USD CASH,Cash,-0.2946,100,-87551193,"-$87,551,193",-87551192.67,,-,-,-
